ftn_game_id,nflverse_game_id,season,week,ftn_play_id,nflverse_play_id,starting_hash,qb_location,n_offense_backfield,n_defense_box,is_no_huddle,is_motion,is_play_action,is_screen_pass,is_rpo,is_trick_play,is_qb_out_of_pocket,is_interception_worthy,is_throw_away,read_thrown,is_catchable_ball,is_contested_ball,is_created_reception,is_drop,is_qb_sneak,n_blitzers,n_pass_rushers,is_qb_fault_sack,date_pulled
7029,2026_01_ARI_LAC,2026,1,1155029,39,0,0,0,0,FALSE,FALSE,FALSE,FALSE,FALSE,FALSE,FALSE,FALSE,FALSE,0,FALSE,FALSE,FALSE,FALSE,FALSE,0,0,FALSE,2026-09-25T21:05:03.184375Z
7029,2026_01_ARI_LAC,2026,1,1155030,62,R,U,1,6,FALSE,TRUE,FALSE,FALSE,FALSE,FALSE,FALSE,FALSE,FALSE,1,TRUE,TRUE,FALSE,FALSE,FALSE,0,4,FALSE,2026-09-25T21:05:03.184375Z
7029,2026_01_ARI_LAC,2026,1,1155031,87,R,S,2,6,FALSE,TRUE,FALSE,FALSE,TRUE,FALSE,FALSE,FALSE,FALSE,0,FALSE,FALSE,FALSE,FALSE,FALSE,0,0,FALSE,2026-09-25T21:05:03.184375Z
7029,2026_01_ARI_LAC,2026,1,1155032,109,R,S,1,7,FALSE,FALSE,FALSE,FALSE,FALSE,FALSE,FALSE,FALSE,FALSE,1,TRUE,FALSE,FALSE,TRUE,FALSE,1,5,FALSE,2026-09-25T21:05:03.184375Z
7029,2026_01_ARI_LAC,2026,1,1155033,132,R,S,1,7,FALSE,FALSE,FALSE,FALSE,FALSE,FALSE,TRUE,FALSE,FALSE,SD,FALSE,FALSE,FALSE,FALSE,FALSE,1,5,FALSE,2026-09-25T21:05:03.184375Z
7029,2026_01_ARI_LAC,2026,1,1155034,154,L,U,1,7,FALSE,FALSE,TRUE,FALSE,FALSE,FALSE,FALSE,FALSE,FALSE,CHK,TRUE,FALSE,FALSE,FALSE,FALSE,0,4,FALSE,2026-09-25T21:05:03.184375Z
7029,2026_01_ARI_LAC,2026,1,1155035,181,M,U,1,6,FALSE,TRUE,FALSE,FALSE,FALSE,FALSE,FALSE,FALSE,FALSE,0,FALSE,FALSE,FALSE,FALSE,FALSE,0,0,FALSE,2026-09-25T21:05:03.184375Z
7029,2026_01_ARI_LAC,2026,1,1155036,203,L,U,1,7,FALSE,FALSE,FALSE,FALSE,FALSE,FALSE,FALSE,FALSE,FALSE,0,FALSE,FALSE,FALSE,FALSE,TRUE,0,0,FALSE,2026-09-25T21:05:03.184375Z
7029,2026_01_ARI_LAC,2026,1,1155037,225,L,S,1,6,FALSE,FALSE,FALSE,FALSE,FALSE,FALSE,FALSE,FALSE,FALSE,0,FALSE,FALSE,FALSE,FALSE,FALSE,0,0,FALSE,2026-09-25T21:05:03.184375Z
7029,2026_01_ARI_LAC,2026,1,1155038,247,R,S,1,5,FALSE,TRUE,FALSE,FALSE,FALSE,FALSE,FALSE,FALSE,FALSE,CHK,TRUE,FALSE,FALSE,FALSE,FALSE,0,4,FALSE,2026-09-25T21:05:03.184375Z
7029,2026_01_ARI_LAC,2026,1,1155039,284,0,0,0,0,FALSE,FALSE,FALSE,FALSE,FALSE,FALSE,FALSE,FALSE,FALSE,0,FALSE,FALSE,FALSE,FALSE,FALSE,0,0,FALSE,2026-09-25T21:05:03.184375Z
7029,2026_01_ARI_LAC,2026,1,1155040,272,L,U,2,6,FALSE,TRUE,FALSE,FALSE,FALSE,FALSE,FALSE,FALSE,FALSE,0,FALSE,FALSE,FALSE,FALSE,FALSE,0,0,FALSE,2026-09-25T21:05:03.184375Z
7029,2026_01_ARI_LAC,2026,1,1155041,301,L,S,1,6,FALSE,TRUE,FALSE,FALSE,FALSE,FALSE,FALSE,FALSE,FALSE,0,FALSE,FALSE,FALSE,FALSE,FALSE,0,0,FALSE,2026-09-25T21:05:03.184375Z
7029,2026_01_ARI_LAC,2026,1,1155042,319,0,0,0,0,FALSE,FALSE,FALSE,FALSE,FALSE,FALSE,FALSE,FALSE,FALSE,0,FALSE,FALSE,FALSE,FALSE,FALSE,0,0,FALSE,2026-09-25T21:05:03.184375Z
7029,2026_01_ARI_LAC,2026,1,1155043,334,0,0,0,0,FALSE,FALSE,FALSE,FALSE,FALSE,FALSE,FALSE,FALSE,FALSE,0,FALSE,FALSE,FALSE,FALSE,FALSE,0,0,FALSE,2026-09-25T21:05:03.184375Z
7029,2026_01_ARI_LAC,2026,1,1155044,364,R,U,2,6,FALSE,TRUE,FALSE,FALSE,FALSE,FALSE,FALSE,FALSE,FALSE,0,FALSE,FALSE,FALSE,FALSE,FALSE,0,0,FALSE,2026-09-25T21:05:03.184375Z
7029,2026_01_ARI_LAC,2026,1,1155045,386,L,S,0,6,FALSE,FALSE,FALSE,FALSE,FALSE,FALSE,FALSE,FALSE,FALSE,2,TRUE,FALSE,FALSE,FALSE,FALSE,0,4,FALSE,2026-09-25T21:05:03.184375Z
7029,2026_01_ARI_LAC,2026,1,1155046,411,L,U,2,6,FALSE,TRUE,FALSE,FALSE,FALSE,FALSE,FALSE,FALSE,FALSE,0,FALSE,FALSE,FALSE,FALSE,FALSE,0,0,FALSE,2026-09-25T21:05:03.184375Z
7029,2026_01_ARI_LAC,2026,1,1155047,433,R,S,1,6,FALSE,TRUE,TRUE,FALSE,FALSE,FALSE,FALSE,FALSE,FALSE,1,TRUE,FALSE,FALSE,FALSE,FALSE,0,4,FALSE,2026-09-25T21:05:03.184375Z
7029,2026_01_ARI_LAC,2026,1,1155048,458,L,S,2,6,FALSE,TRUE,TRUE,FALSE,FALSE,FALSE,FALSE,FALSE,FALSE,1,TRUE,FALSE,FALSE,FALSE,FALSE,0,4,FALSE,2026-09-25T21:05:03.184375Z
7029,2026_01_ARI_LAC,2026,1,1155049,483,R,S,1,6,FALSE,TRUE,FALSE,FALSE,FALSE,FALSE,FALSE,FALSE,FALSE,0,FALSE,FALSE,FALSE,FALSE,FALSE,0,0,FALSE,2026-09-25T21:05:03.184375Z
7029,2026_01_ARI_LAC,2026,1,1155050,505,R,S,1,6,FALSE,TRUE,TRUE,FALSE,FALSE,FALSE,TRUE,FALSE,FALSE,SD,FALSE,FALSE,FALSE,FALSE,FALSE,0,4,FALSE,2026-09-25T21:05:03.184375Z
7029,2026_01_ARI_LAC,2026,1,1155051,527,R,S,1,6,FALSE,TRUE,FALSE,FALSE,FALSE,FALSE,FALSE,FALSE,FALSE,0,FALSE,FALSE,FALSE,FALSE,FALSE,0,0,FALSE,2026-09-25T21:05:03.184375Z
7029,2026_01_ARI_LAC,2026,1,1155052,545,0,0,0,0,FALSE,FALSE,FALSE,FALSE,FALSE,FALSE,FALSE,FALSE,FALSE,0,FALSE,FALSE,FALSE,FALSE,FALSE,0,0,FALSE,2026-09-25T21:05:03.184375Z
7029,2026_01_ARI_LAC,2026,1,1155053,560,0,0,0,0,FALSE,FALSE,FALSE,FALSE,FALSE,FALSE,FALSE,FALSE,FALSE,0,FALSE,FALSE,FALSE,FALSE,FALSE,0,0,FALSE,2026-09-25T21:05:03.184375Z
7029,2026_01_ARI_LAC,2026,1,1155054,590,R,S,1,6,FALSE,TRUE,FALSE,FALSE,FALSE,FALSE,FALSE,FALSE,FALSE,0,FALSE,FALSE,FALSE,FALSE,FALSE,0,0,FALSE,2026-09-25T21:05:03.184375Z
7029,2026_01_ARI_LAC,2026,1,1155055,612,L,S,1,6,FALSE,TRUE,FALSE,FALSE,FALSE,FALSE,FALSE,FALSE,FALSE,1,TRUE,FALSE,FALSE,FALSE,FALSE,1,5,FALSE,2026-09-25T21:05:03.184375Z
7029,2026_01_ARI_LAC,2026,1,1155056,637,R,U,1,7,FALSE,TRUE,TRUE,FALSE,FALSE,FALSE,TRUE,FALSE,FALSE,SD,TRUE,FALSE,FALSE,FALSE,FALSE,1,5,FALSE,2026-09-25T21:05:03.184375Z
7029,2026_01_ARI_LAC,2026,1,1155057,678,R,S,0,6,FALSE,TRUE,FALSE,FALSE,FALSE,FALSE,FALSE,FALSE,FALSE,1,TRUE,FALSE,FALSE,FALSE,FALSE,0,4,FALSE,2026-09-25T21:05:03.184375Z
7029,2026_01_ARI_LAC,2026,1,1155058,703,R,U,1,7,FALSE,FALSE,TRUE,FALSE,FALSE,FALSE,FALSE,FALSE,FALSE,CHK,TRUE,FALSE,FALSE,FALSE,FALSE,0,4,FALSE,2026-09-25T21:05:03.184375Z
7029,2026_01_ARI_LAC,2026,1,1155059,728,R,U,1,6,FALSE,FALSE,FALSE,FALSE,FALSE,FALSE,FALSE,FALSE,FALSE,0,FALSE,FALSE,FALSE,FALSE,FALSE,0,0,FALSE,2026-09-25T21:05:03.184375Z
7029,2026_01_ARI_LAC,2026,1,1155060,753,L,S,1,5,FALSE,FALSE,FALSE,FALSE,FALSE,FALSE,FALSE,FALSE,FALSE,1,TRUE,TRUE,FALSE,FALSE,FALSE,0,4,FALSE,2026-09-25T21:05:03.184375Z
7029,2026_01_ARI_LAC,2026,1,1155061,798,M,S,1,6,FALSE,TRUE,FALSE,FALSE,FALSE,FALSE,FALSE,FALSE,FALSE,1,FALSE,TRUE,FALSE,FALSE,FALSE,0,4,FALSE,2026-09-25T21:05:03.184375Z
7029,2026_01_ARI_LAC,2026,1,1155062,821,0,0,0,0,FALSE,FALSE,FALSE,FALSE,FALSE,FALSE,FALSE,FALSE,FALSE,0,FALSE,FALSE,FALSE,FALSE,FALSE,0,0,FALSE,2026-09-25T21:05:03.184375Z
7029,2026_01_ARI_LAC,2026,1,1155063,842,R,U,2,6,FALSE,TRUE,FALSE,FALSE,FALSE,FALSE,FALSE,FALSE,FALSE,0,FALSE,FALSE,FALSE,FALSE,FALSE,0,0,FALSE,2026-09-25T21:05:03.184375Z
7029,2026_01_ARI_LAC,2026,1,1155064,871,R,S,2,6,FALSE,TRUE,TRUE,FALSE,FALSE,FALSE,TRUE,FALSE,FALSE,1,TRUE,FALSE,FALSE,FALSE,FALSE,0,4,FALSE,2026-09-25T21:05:03.184375Z
7029,2026_01_ARI_LAC,2026,1,1155065,901,R,U,2,6,FALSE,FALSE,TRUE,FALSE,FALSE,FALSE,FALSE,FALSE,FALSE,1,FALSE,TRUE,FALSE,FALSE,FALSE,0,4,FALSE,2026-09-25T21:05:03.184375Z
7029,2026_01_ARI_LAC,2026,1,1155066,924,R,P,1,6,FALSE,TRUE,FALSE,FALSE,FALSE,FALSE,FALSE,FALSE,FALSE,0,FALSE,FALSE,FALSE,FALSE,FALSE,0,0,FALSE,2026-09-25T21:05:03.184375Z
7029,2026_01_ARI_LAC,2026,1,1155067,962,R,U,1,6,FALSE,TRUE,FALSE,FALSE,FALSE,FALSE,FALSE,FALSE,FALSE,1,TRUE,FALSE,FALSE,FALSE,FALSE,0,4,FALSE,2026-09-25T21:05:03.184375Z
7029,2026_01_ARI_LAC,2026,1,1155068,994,0,0,0,0,FALSE,FALSE,FALSE,FALSE,FALSE,FALSE,FALSE,FALSE,FALSE,0,FALSE,FALSE,FALSE,FALSE,FALSE,0,0,FALSE,2026-09-25T21:05:03.184375Z
7029,2026_01_ARI_LAC,2026,1,1155069,1018,L,U,1,7,FALSE,TRUE,FALSE,FALSE,FALSE,FALSE,FALSE,FALSE,FALSE,0,FALSE,FALSE,FALSE,FALSE,FALSE,0,0,FALSE,2026-09-25T21:05:03.184375Z
7029,2026_01_ARI_LAC,2026,1,1155070,1045,R,U,1,7,FALSE,TRUE,TRUE,FALSE,FALSE,FALSE,FALSE,FALSE,FALSE,CHK,TRUE,FALSE,FALSE,FALSE,FALSE,0,4,FALSE,2026-09-25T21:05:03.184375Z
7029,2026_01_ARI_LAC,2026,1,1155071,1072,R,U,1,6,FALSE,TRUE,FALSE,FALSE,FALSE,FALSE,FALSE,FALSE,FALSE,0,FALSE,FALSE,FALSE,FALSE,FALSE,0,0,FALSE,2026-09-25T21:05:03.184375Z
7029,2026_01_ARI_LAC,2026,1,1155072,1094,R,U,1,6,TRUE,FALSE,FALSE,FALSE,FALSE,FALSE,FALSE,FALSE,FALSE,0,FALSE,FALSE,FALSE,FALSE,TRUE,0,0,FALSE,2026-09-25T21:05:03.184375Z
7029,2026_01_ARI_LAC,2026,1,1155073,1116,0,0,0,0,FALSE,FALSE,FALSE,FALSE,FALSE,FALSE,FALSE,FALSE,FALSE,0,FALSE,FALSE,FALSE,FALSE,FALSE,0,0,FALSE,2026-09-25T21:05:03.184375Z
7029,2026_01_ARI_LAC,2026,1,1155074,1150,R,S,2,6,FALSE,TRUE,FALSE,FALSE,TRUE,FALSE,FALSE,FALSE,FALSE,0,FALSE,FALSE,FALSE,FALSE,FALSE,0,0,FALSE,2026-09-25T21:05:03.184375Z
7029,2026_01_ARI_LAC,2026,1,1155075,1172,R,S,1,6,FALSE,TRUE,FALSE,FALSE,FALSE,FALSE,FALSE,FALSE,FALSE,1,TRUE,FALSE,FALSE,FALSE,FALSE,1,5,FALSE,2026-09-25T21:05:03.184375Z
7029,2026_01_ARI_LAC,2026,1,1155076,1197,M,S,1,5,FALSE,FALSE,FALSE,FALSE,FALSE,FALSE,FALSE,FALSE,FALSE,1,TRUE,FALSE,FALSE,FALSE,FALSE,0,4,FALSE,2026-09-25T21:05:03.184375Z
7029,2026_01_ARI_LAC,2026,1,1155077,1222,L,U,1,7,FALSE,TRUE,FALSE,FALSE,FALSE,FALSE,FALSE,FALSE,FALSE,0,FALSE,FALSE,FALSE,FALSE,FALSE,0,0,FALSE,2026-09-25T21:05:03.184375Z
7029,2026_01_ARI_LAC,2026,1,1155078,1244,R,S,1,6,FALSE,TRUE,FALSE,TRUE,FALSE,FALSE,FALSE,FALSE,FALSE,DES,TRUE,FALSE,FALSE,FALSE,FALSE,0,4,FALSE,2026-09-25T21:05:03.184375Z
7029,2026_01_ARI_LAC,2026,1,1155079,1269,R,S,0,6,FALSE,TRUE,FALSE,FALSE,FALSE,FALSE,FALSE,FALSE,FALSE,1,TRUE,TRUE,FALSE,FALSE,FALSE,2,6,FALSE,2026-09-25T21:05:03.184375Z
7029,2026_01_ARI_LAC,2026,1,1155080,1299,0,0,0,0,FALSE,FALSE,FALSE,FALSE,FALSE,FALSE,FALSE,FALSE,FALSE,0,FALSE,FALSE,FALSE,FALSE,FALSE,0,0,FALSE,2026-09-25T21:05:03.184375Z
7029,2026_01_ARI_LAC,2026,1,1155081,1322,0,0,0,0,FALSE,FALSE,FALSE,FALSE,FALSE,FALSE,FALSE,FALSE,FALSE,0,FALSE,FALSE,FALSE,FALSE,FALSE,0,0,FALSE,2026-09-25T21:05:03.184375Z
7029,2026_01_ARI_LAC,2026,1,1155082,1363,L,S,1,6,FALSE,TRUE,FALSE,TRUE,FALSE,FALSE,FALSE,FALSE,FALSE,DES,TRUE,FALSE,FALSE,FALSE,FALSE,0,4,FALSE,2026-09-25T21:05:03.184375Z
7029,2026_01_ARI_LAC,2026,1,1155083,1399,L,S,0,6,FALSE,TRUE,FALSE,FALSE,FALSE,FALSE,FALSE,FALSE,FALSE,1,FALSE,TRUE,FALSE,FALSE,FALSE,0,4,FALSE,2026-09-25T21:05:03.184375Z
7029,2026_01_ARI_LAC,2026,1,1155084,1433,R,S,1,7,FALSE,TRUE,FALSE,FALSE,FALSE,FALSE,FALSE,FALSE,FALSE,0,FALSE,FALSE,FALSE,FALSE,FALSE,0,0,FALSE,2026-09-25T21:05:03.184375Z
7029,2026_01_ARI_LAC,2026,1,1155085,1455,L,S,1,6,FALSE,TRUE,TRUE,FALSE,FALSE,FALSE,FALSE,FALSE,FALSE,1,TRUE,FALSE,FALSE,FALSE,FALSE,0,4,FALSE,2026-09-25T21:05:03.184375Z
7029,2026_01_ARI_LAC,2026,1,1155086,1480,R,S,2,7,FALSE,TRUE,FALSE,FALSE,FALSE,FALSE,FALSE,FALSE,FALSE,0,FALSE,FALSE,FALSE,FALSE,FALSE,0,0,FALSE,2026-09-25T21:05:03.184375Z
7029,2026_01_ARI_LAC,2026,1,1155087,1502,L,S,1,6,FALSE,TRUE,TRUE,FALSE,FALSE,FALSE,TRUE,FALSE,FALSE,1,TRUE,FALSE,FALSE,FALSE,FALSE,0,4,FALSE,2026-09-25T21:05:03.184375Z
7029,2026_01_ARI_LAC,2026,1,1155088,1527,L,S,1,6,FALSE,FALSE,FALSE,FALSE,TRUE,FALSE,FALSE,FALSE,FALSE,0,FALSE,FALSE,FALSE,FALSE,FALSE,0,0,FALSE,2026-09-25T21:05:03.184375Z
7029,2026_01_ARI_LAC,2026,1,1155089,1549,L,S,0,6,FALSE,TRUE,FALSE,TRUE,FALSE,FALSE,TRUE,FALSE,FALSE,DES,TRUE,FALSE,FALSE,FALSE,FALSE,0,4,FALSE,2026-09-25T21:05:03.184375Z
7029,2026_01_ARI_LAC,2026,1,1155090,1574,R,U,2,7,FALSE,TRUE,FALSE,FALSE,FALSE,FALSE,FALSE,FALSE,FALSE,0,FALSE,FALSE,FALSE,FALSE,FALSE,0,0,FALSE,2026-09-25T21:05:03.184375Z
7029,2026_01_ARI_LAC,2026,1,1155091,1596,R,S,1,6,FALSE,TRUE,FALSE,FALSE,FALSE,FALSE,FALSE,FALSE,FALSE,1,FALSE,TRUE,FALSE,FALSE,FALSE,0,4,FALSE,2026-09-25T21:05:03.184375Z
7029,2026_01_ARI_LAC,2026,1,1155092,1619,R,S,0,5,FALSE,FALSE,FALSE,FALSE,FALSE,FALSE,TRUE,FALSE,FALSE,SD,FALSE,FALSE,FALSE,FALSE,FALSE,0,4,FALSE,2026-09-25T21:05:03.184375Z
7029,2026_01_ARI_LAC,2026,1,1155093,1641,R,S,0,6,FALSE,TRUE,FALSE,FALSE,FALSE,FALSE,FALSE,FALSE,FALSE,0,FALSE,FALSE,FALSE,FALSE,FALSE,0,4,FALSE,2026-09-25T21:05:03.184375Z
7029,2026_01_ARI_LAC,2026,1,1155094,1668,L,S,1,6,FALSE,TRUE,FALSE,FALSE,FALSE,FALSE,FALSE,FALSE,FALSE,0,FALSE,FALSE,FALSE,FALSE,FALSE,0,0,FALSE,2026-09-25T21:05:03.184375Z
7029,2026_01_ARI_LAC,2026,1,1155095,1697,M,S,1,6,FALSE,FALSE,FALSE,FALSE,FALSE,FALSE,FALSE,FALSE,FALSE,1,TRUE,FALSE,FALSE,FALSE,FALSE,0,4,FALSE,2026-09-25T21:05:03.184375Z
7029,2026_01_ARI_LAC,2026,1,1155096,1722,M,S,1,6,TRUE,FALSE,FALSE,FALSE,FALSE,FALSE,FALSE,FALSE,FALSE,1,TRUE,FALSE,FALSE,FALSE,FALSE,0,4,FALSE,2026-09-25T21:05:03.184375Z
7029,2026_01_ARI_LAC,2026,1,1155097,1747,R,S,1,6,TRUE,FALSE,FALSE,FALSE,FALSE,FALSE,FALSE,FALSE,FALSE,1,FALSE,TRUE,FALSE,FALSE,FALSE,0,4,FALSE,2026-09-25T21:05:03.184375Z
7029,2026_01_ARI_LAC,2026,1,1155098,1781,R,S,1,5,FALSE,FALSE,FALSE,FALSE,FALSE,FALSE,FALSE,FALSE,FALSE,1,TRUE,TRUE,FALSE,FALSE,FALSE,0,4,FALSE,2026-09-25T21:05:03.184375Z
7029,2026_01_ARI_LAC,2026,1,1155099,1818,0,0,0,0,FALSE,FALSE,FALSE,FALSE,FALSE,FALSE,FALSE,FALSE,FALSE,0,FALSE,FALSE,FALSE,FALSE,FALSE,0,0,FALSE,2026-09-25T21:05:03.184375Z
7029,2026_01_ARI_LAC,2026,1,1155100,1806,R,S,1,7,FALSE,TRUE,TRUE,FALSE,FALSE,FALSE,TRUE,FALSE,FALSE,1,TRUE,FALSE,FALSE,TRUE,FALSE,0,4,FALSE,2026-09-25T21:05:03.184375Z
7029,2026_01_ARI_LAC,2026,1,1155101,1836,R,S,1,5,FALSE,FALSE,FALSE,FALSE,FALSE,FALSE,FALSE,FALSE,FALSE,1,TRUE,FALSE,FALSE,FALSE,FALSE,0,4,FALSE,2026-09-25T21:05:03.184375Z
7029,2026_01_ARI_LAC,2026,1,1155102,1873,0,0,0,0,FALSE,FALSE,FALSE,FALSE,FALSE,FALSE,FALSE,FALSE,FALSE,0,FALSE,FALSE,FALSE,FALSE,FALSE,0,0,FALSE,2026-09-25T21:05:03.184375Z
7029,2026_01_ARI_LAC,2026,1,1155103,1861,L,S,1,5,FALSE,TRUE,FALSE,FALSE,FALSE,FALSE,FALSE,TRUE,FALSE,SD,FALSE,FALSE,FALSE,FALSE,FALSE,0,4,FALSE,2026-09-25T21:05:03.184375Z
7029,2026_01_ARI_LAC,2026,1,1155104,1903,0,0,0,0,FALSE,FALSE,FALSE,FALSE,FALSE,FALSE,FALSE,FALSE,FALSE,0,FALSE,FALSE,FALSE,FALSE,FALSE,0,0,FALSE,2026-09-25T21:05:03.184375Z
7029,2026_01_ARI_LAC,2026,1,1155105,1891,L,S,1,4,FALSE,FALSE,FALSE,FALSE,FALSE,FALSE,FALSE,FALSE,FALSE,1,FALSE,FALSE,FALSE,FALSE,FALSE,0,3,FALSE,2026-09-25T21:05:03.184375Z
7029,2026_01_ARI_LAC,2026,1,1155106,1932,0,0,0,0,FALSE,FALSE,FALSE,FALSE,FALSE,FALSE,FALSE,FALSE,FALSE,0,FALSE,FALSE,FALSE,FALSE,FALSE,0,0,FALSE,2026-09-25T21:05:03.184375Z
7029,2026_01_ARI_LAC,2026,1,1155107,1970,0,0,0,0,FALSE,FALSE,FALSE,FALSE,FALSE,FALSE,FALSE,FALSE,FALSE,0,FALSE,FALSE,FALSE,FALSE,FALSE,0,0,FALSE,2026-09-25T21:05:03.184375Z
7029,2026_01_ARI_LAC,2026,1,1155108,1993,R,U,2,6,FALSE,TRUE,FALSE,FALSE,FALSE,FALSE,FALSE,FALSE,FALSE,2,TRUE,FALSE,FALSE,FALSE,FALSE,0,4,FALSE,2026-09-25T21:05:03.184375Z
7029,2026_01_ARI_LAC,2026,1,1155109,2018,L,U,2,6,FALSE,TRUE,FALSE,FALSE,FALSE,FALSE,FALSE,FALSE,FALSE,0,FALSE,FALSE,FALSE,FALSE,FALSE,0,0,FALSE,2026-09-25T21:05:03.184375Z
7029,2026_01_ARI_LAC,2026,1,1155110,2063,0,0,0,0,FALSE,FALSE,FALSE,FALSE,FALSE,FALSE,FALSE,FALSE,FALSE,0,FALSE,FALSE,FALSE,FALSE,FALSE,0,0,FALSE,2026-09-25T21:05:03.184375Z
7029,2026_01_ARI_LAC,2026,1,1155111,2040,R,S,3,6,FALSE,TRUE,FALSE,FALSE,FALSE,FALSE,FALSE,FALSE,FALSE,0,FALSE,FALSE,FALSE,FALSE,FALSE,0,0,FALSE,2026-09-25T21:05:03.184375Z
7029,2026_01_ARI_LAC,2026,1,1155112,2080,0,0,0,0,FALSE,FALSE,FALSE,FALSE,FALSE,FALSE,FALSE,FALSE,FALSE,0,FALSE,FALSE,FALSE,FALSE,FALSE,0,0,FALSE,2026-09-25T21:05:03.184375Z
7029,2026_01_ARI_LAC,2026,1,1155113,2109,R,S,2,7,FALSE,TRUE,TRUE,FALSE,FALSE,FALSE,TRUE,FALSE,FALSE,SD,FALSE,FALSE,FALSE,FALSE,FALSE,0,4,FALSE,2026-09-25T21:05:03.184375Z
7029,2026_01_ARI_LAC,2026,1,1155114,2131,M,S,1,6,FALSE,TRUE,FALSE,FALSE,FALSE,FALSE,FALSE,FALSE,FALSE,1,FALSE,TRUE,FALSE,FALSE,FALSE,0,4,FALSE,2026-09-25T21:05:03.184375Z
7029,2026_01_ARI_LAC,2026,1,1155115,2154,0,0,0,0,FALSE,FALSE,FALSE,FALSE,FALSE,FALSE,FALSE,FALSE,FALSE,0,FALSE,FALSE,FALSE,FALSE,FALSE,0,0,FALSE,2026-09-25T21:05:03.184375Z
7029,2026_01_ARI_LAC,2026,1,1155116,2174,L,U,1,6,FALSE,TRUE,FALSE,FALSE,FALSE,FALSE,FALSE,FALSE,FALSE,0,FALSE,FALSE,FALSE,FALSE,FALSE,0,0,FALSE,2026-09-25T21:05:03.184375Z
7029,2026_01_ARI_LAC,2026,1,1155117,2203,M,S,1,6,FALSE,FALSE,FALSE,FALSE,FALSE,FALSE,FALSE,FALSE,FALSE,1,TRUE,FALSE,TRUE,FALSE,FALSE,2,6,FALSE,2026-09-25T21:05:03.184375Z
7029,2026_01_ARI_LAC,2026,1,1155118,2228,L,S,1,7,FALSE,FALSE,FALSE,FALSE,FALSE,FALSE,FALSE,FALSE,FALSE,0,FALSE,FALSE,FALSE,FALSE,FALSE,0,0,FALSE,2026-09-25T21:05:03.184375Z
7029,2026_01_ARI_LAC,2026,1,1155119,2252,R,S,0,5,FALSE,TRUE,FALSE,FALSE,FALSE,FALSE,FALSE,FALSE,FALSE,1,TRUE,FALSE,FALSE,FALSE,FALSE,0,4,FALSE,2026-09-25T21:05:03.184375Z
7029,2026_01_ARI_LAC,2026,1,1155120,2277,L,S,1,5,FALSE,TRUE,FALSE,FALSE,FALSE,FALSE,FALSE,FALSE,FALSE,1,TRUE,FALSE,FALSE,FALSE,FALSE,0,4,FALSE,2026-09-25T21:05:03.184375Z
7029,2026_01_ARI_LAC,2026,1,1155121,2302,R,U,1,7,FALSE,TRUE,FALSE,FALSE,FALSE,FALSE,FALSE,FALSE,FALSE,0,FALSE,FALSE,FALSE,FALSE,FALSE,0,0,FALSE,2026-09-25T21:05:03.184375Z
7029,2026_01_ARI_LAC,2026,1,1155122,2324,R,U,1,7,FALSE,TRUE,FALSE,FALSE,FALSE,FALSE,FALSE,FALSE,FALSE,0,FALSE,FALSE,FALSE,FALSE,FALSE,0,0,FALSE,2026-09-25T21:05:03.184375Z
7029,2026_01_ARI_LAC,2026,1,1155123,2346,R,S,1,6,FALSE,FALSE,FALSE,FALSE,FALSE,FALSE,FALSE,FALSE,TRUE,1,FALSE,FALSE,FALSE,FALSE,FALSE,0,4,FALSE,2026-09-25T21:05:03.184375Z
7029,2026_01_ARI_LAC,2026,1,1155124,2369,R,S,1,5,FALSE,TRUE,FALSE,FALSE,FALSE,FALSE,FALSE,FALSE,FALSE,1,FALSE,TRUE,FALSE,FALSE,FALSE,0,4,FALSE,2026-09-25T21:05:03.184375Z
7029,2026_01_ARI_LAC,2026,1,1155125,2392,0,0,0,0,FALSE,FALSE,FALSE,FALSE,FALSE,FALSE,FALSE,FALSE,FALSE,0,FALSE,FALSE,FALSE,FALSE,FALSE,0,0,FALSE,2026-09-25T21:05:03.184375Z
7029,2026_01_ARI_LAC,2026,1,1155126,2412,0,0,0,0,FALSE,FALSE,FALSE,FALSE,FALSE,FALSE,FALSE,FALSE,FALSE,0,FALSE,FALSE,FALSE,FALSE,FALSE,0,0,FALSE,2026-09-25T21:05:03.184375Z
7029,2026_01_ARI_LAC,2026,1,1155127,2435,L,U,2,7,FALSE,TRUE,TRUE,FALSE,FALSE,FALSE,FALSE,FALSE,FALSE,1,FALSE,TRUE,FALSE,FALSE,FALSE,0,4,FALSE,2026-09-25T21:05:03.184375Z
7029,2026_01_ARI_LAC,2026,1,1155128,2481,L,U,2,7,FALSE,TRUE,FALSE,FALSE,FALSE,FALSE,FALSE,FALSE,FALSE,0,FALSE,FALSE,FALSE,FALSE,FALSE,0,0,FALSE,2026-09-25T21:05:03.184375Z
7029,2026_01_ARI_LAC,2026,1,1155129,2503,R,U,2,7,FALSE,TRUE,TRUE,FALSE,FALSE,FALSE,TRUE,FALSE,FALSE,SD,FALSE,FALSE,FALSE,FALSE,FALSE,1,5,FALSE,2026-09-25T21:05:03.184375Z
7029,2026_01_ARI_LAC,2026,1,1155130,2530,R,S,0,6,FALSE,FALSE,FALSE,FALSE,FALSE,FALSE,FALSE,FALSE,FALSE,1,TRUE,FALSE,FALSE,FALSE,FALSE,0,4,FALSE,2026-09-25T21:05:03.184375Z
7029,2026_01_ARI_LAC,2026,1,1155131,2551,0,0,0,0,FALSE,FALSE,FALSE,FALSE,FALSE,FALSE,FALSE,FALSE,FALSE,0,FALSE,FALSE,FALSE,FALSE,FALSE,0,0,FALSE,2026-09-25T21:05:03.184375Z
7029,2026_01_ARI_LAC,2026,1,1155132,2566,0,0,0,0,FALSE,FALSE,FALSE,FALSE,FALSE,FALSE,FALSE,FALSE,FALSE,0,FALSE,FALSE,FALSE,FALSE,FALSE,0,0,FALSE,2026-09-25T21:05:03.184375Z
7029,2026_01_ARI_LAC,2026,1,1155133,2596,R,U,1,7,FALSE,TRUE,FALSE,FALSE,FALSE,FALSE,FALSE,FALSE,FALSE,1,FALSE,FALSE,FALSE,FALSE,FALSE,0,4,FALSE,2026-09-25T21:05:03.184375Z
7029,2026_01_ARI_LAC,2026,1,1155134,2619,R,S,1,5,FALSE,FALSE,FALSE,FALSE,FALSE,FALSE,FALSE,FALSE,FALSE,1,TRUE,FALSE,FALSE,FALSE,FALSE,0,4,FALSE,2026-09-25T21:05:03.184375Z
7029,2026_01_ARI_LAC,2026,1,1155135,2644,R,S,1,6,TRUE,FALSE,FALSE,FALSE,FALSE,FALSE,FALSE,FALSE,FALSE,1,TRUE,FALSE,FALSE,FALSE,FALSE,0,4,FALSE,2026-09-25T21:05:03.184375Z
7029,2026_01_ARI_LAC,2026,1,1155136,2680,R,U,1,6,FALSE,TRUE,FALSE,FALSE,FALSE,FALSE,FALSE,FALSE,FALSE,0,FALSE,FALSE,FALSE,FALSE,FALSE,0,0,FALSE,2026-09-25T21:05:03.184375Z
7029,2026_01_ARI_LAC,2026,1,1155137,2702,R,S,0,6,FALSE,TRUE,FALSE,TRUE,FALSE,FALSE,FALSE,FALSE,FALSE,DES,TRUE,FALSE,FALSE,FALSE,FALSE,0,4,FALSE,2026-09-25T21:05:03.184375Z
7029,2026_01_ARI_LAC,2026,1,1155138,2727,0,0,0,0,FALSE,FALSE,FALSE,FALSE,FALSE,FALSE,FALSE,FALSE,FALSE,0,FALSE,FALSE,FALSE,FALSE,FALSE,0,0,FALSE,2026-09-25T21:05:03.184375Z
7029,2026_01_ARI_LAC,2026,1,1155139,2751,R,U,1,6,FALSE,TRUE,FALSE,FALSE,FALSE,FALSE,FALSE,FALSE,FALSE,1,TRUE,FALSE,FALSE,TRUE,FALSE,1,5,FALSE,2026-09-25T21:05:03.184375Z
7029,2026_01_ARI_LAC,2026,1,1155140,2781,R,S,1,6,TRUE,FALSE,FALSE,FALSE,FALSE,FALSE,FALSE,FALSE,TRUE,0,FALSE,FALSE,FALSE,FALSE,FALSE,0,4,FALSE,2026-09-25T21:05:03.184375Z
7029,2026_01_ARI_LAC,2026,1,1155141,2804,R,S,1,5,FALSE,FALSE,FALSE,FALSE,FALSE,FALSE,FALSE,FALSE,FALSE,1,TRUE,FALSE,FALSE,FALSE,FALSE,0,4,FALSE,2026-09-25T21:05:03.184375Z
7029,2026_01_ARI_LAC,2026,1,1155142,2829,0,0,0,0,FALSE,FALSE,FALSE,FALSE,FALSE,FALSE,FALSE,FALSE,FALSE,0,FALSE,FALSE,FALSE,FALSE,FALSE,0,0,FALSE,2026-09-25T21:05:03.184375Z
7029,2026_01_ARI_LAC,2026,1,1155143,2849,L,U,2,6,FALSE,TRUE,TRUE,FALSE,FALSE,FALSE,TRUE,FALSE,FALSE,1,TRUE,FALSE,FALSE,FALSE,FALSE,0,4,FALSE,2026-09-25T21:05:03.184375Z
7029,2026_01_ARI_LAC,2026,1,1155144,2886,R,U,2,6,FALSE,TRUE,FALSE,FALSE,FALSE,FALSE,FALSE,FALSE,FALSE,0,FALSE,FALSE,FALSE,FALSE,FALSE,0,0,FALSE,2026-09-25T21:05:03.184375Z
7029,2026_01_ARI_LAC,2026,1,1155145,2908,0,0,0,0,FALSE,FALSE,FALSE,FALSE,FALSE,FALSE,FALSE,FALSE,FALSE,0,FALSE,FALSE,FALSE,FALSE,FALSE,0,0,FALSE,2026-09-25T21:05:03.184375Z
7029,2026_01_ARI_LAC,2026,1,1155146,2932,R,S,0,6,FALSE,TRUE,FALSE,FALSE,FALSE,FALSE,FALSE,FALSE,FALSE,1,FALSE,FALSE,FALSE,FALSE,FALSE,1,5,FALSE,2026-09-25T21:05:03.184375Z
7029,2026_01_ARI_LAC,2026,1,1155147,2955,R,U,1,5,FALSE,TRUE,FALSE,FALSE,FALSE,FALSE,FALSE,FALSE,FALSE,0,FALSE,FALSE,FALSE,FALSE,FALSE,0,0,FALSE,2026-09-25T21:05:03.184375Z
7029,2026_01_ARI_LAC,2026,1,1155148,2977,R,S,0,6,FALSE,TRUE,FALSE,FALSE,FALSE,FALSE,FALSE,FALSE,FALSE,1,TRUE,TRUE,FALSE,FALSE,FALSE,0,4,FALSE,2026-09-25T21:05:03.184375Z
7029,2026_01_ARI_LAC,2026,1,1155149,3000,0,0,0,0,FALSE,FALSE,FALSE,FALSE,FALSE,FALSE,FALSE,FALSE,FALSE,0,FALSE,FALSE,FALSE,FALSE,FALSE,0,0,FALSE,2026-09-25T21:05:03.184375Z
7029,2026_01_ARI_LAC,2026,1,1155150,3035,M,U,1,6,FALSE,TRUE,FALSE,FALSE,FALSE,FALSE,FALSE,FALSE,FALSE,0,FALSE,FALSE,FALSE,FALSE,FALSE,0,0,FALSE,2026-09-25T21:05:03.184375Z
7029,2026_01_ARI_LAC,2026,1,1155151,3077,L,S,1,6,FALSE,TRUE,FALSE,FALSE,FALSE,FALSE,FALSE,FALSE,FALSE,1,TRUE,FALSE,FALSE,FALSE,FALSE,0,4,FALSE,2026-09-25T21:05:03.184375Z
7029,2026_01_ARI_LAC,2026,1,1155152,3102,M,S,1,5,FALSE,TRUE,FALSE,FALSE,FALSE,FALSE,FALSE,FALSE,FALSE,1,TRUE,FALSE,FALSE,FALSE,FALSE,1,5,FALSE,2026-09-25T21:05:03.184375Z
7029,2026_01_ARI_LAC,2026,1,1155153,3127,0,0,0,0,FALSE,FALSE,FALSE,FALSE,FALSE,FALSE,FALSE,FALSE,FALSE,0,FALSE,FALSE,FALSE,FALSE,FALSE,0,0,FALSE,2026-09-25T21:05:03.184375Z
7029,2026_01_ARI_LAC,2026,1,1155154,3155,L,S,2,6,FALSE,TRUE,TRUE,FALSE,FALSE,FALSE,FALSE,FALSE,FALSE,0,FALSE,FALSE,FALSE,FALSE,FALSE,1,5,FALSE,2026-09-25T21:05:03.184375Z
7029,2026_01_ARI_LAC,2026,1,1155155,3175,L,S,0,5,FALSE,TRUE,FALSE,TRUE,FALSE,FALSE,FALSE,FALSE,FALSE,DES,TRUE,FALSE,FALSE,FALSE,FALSE,0,4,FALSE,2026-09-25T21:05:03.184375Z
7029,2026_01_ARI_LAC,2026,1,1155156,3200,L,S,0,6,FALSE,TRUE,FALSE,FALSE,FALSE,FALSE,FALSE,FALSE,FALSE,1,FALSE,FALSE,FALSE,FALSE,FALSE,1,5,FALSE,2026-09-25T21:05:03.184375Z
7029,2026_01_ARI_LAC,2026,1,1155157,3223,0,0,0,0,FALSE,FALSE,FALSE,FALSE,FALSE,FALSE,FALSE,FALSE,FALSE,0,FALSE,FALSE,FALSE,FALSE,FALSE,0,0,FALSE,2026-09-25T21:05:03.184375Z
7029,2026_01_ARI_LAC,2026,1,1155158,3261,R,U,1,7,FALSE,TRUE,FALSE,FALSE,FALSE,FALSE,FALSE,FALSE,FALSE,0,FALSE,FALSE,FALSE,FALSE,FALSE,0,0,FALSE,2026-09-25T21:05:03.184375Z
7029,2026_01_ARI_LAC,2026,1,1155159,3285,R,S,1,8,FALSE,FALSE,FALSE,FALSE,FALSE,FALSE,FALSE,FALSE,FALSE,1,TRUE,FALSE,FALSE,FALSE,FALSE,0,4,FALSE,2026-09-25T21:05:03.184375Z
7029,2026_01_ARI_LAC,2026,1,1155160,3309,0,0,0,0,FALSE,FALSE,FALSE,FALSE,FALSE,FALSE,FALSE,FALSE,FALSE,0,FALSE,FALSE,FALSE,FALSE,FALSE,0,0,FALSE,2026-09-25T21:05:03.184375Z
7029,2026_01_ARI_LAC,2026,1,1155161,3324,0,0,0,0,FALSE,FALSE,FALSE,FALSE,FALSE,FALSE,FALSE,FALSE,FALSE,0,FALSE,FALSE,FALSE,FALSE,FALSE,0,0,FALSE,2026-09-25T21:05:03.184375Z
7029,2026_01_ARI_LAC,2026,1,1155162,3347,R,S,1,7,FALSE,TRUE,FALSE,FALSE,FALSE,FALSE,FALSE,FALSE,FALSE,1,TRUE,FALSE,FALSE,FALSE,FALSE,0,4,FALSE,2026-09-25T21:05:03.184375Z
7029,2026_01_ARI_LAC,2026,1,1155163,3372,L,S,1,7,FALSE,FALSE,FALSE,FALSE,FALSE,FALSE,FALSE,FALSE,FALSE,0,FALSE,FALSE,FALSE,FALSE,FALSE,0,0,FALSE,2026-09-25T21:05:03.184375Z
7029,2026_01_ARI_LAC,2026,1,1155164,3394,L,S,1,6,FALSE,TRUE,FALSE,FALSE,FALSE,FALSE,FALSE,FALSE,FALSE,2,TRUE,FALSE,FALSE,FALSE,FALSE,0,4,FALSE,2026-09-25T21:05:03.184375Z
7029,2026_01_ARI_LAC,2026,1,1155165,3419,L,S,2,6,FALSE,TRUE,FALSE,FALSE,FALSE,FALSE,TRUE,TRUE,FALSE,1,FALSE,FALSE,FALSE,FALSE,FALSE,0,4,FALSE,2026-09-25T21:05:03.184375Z
7029,2026_01_ARI_LAC,2026,1,1155166,3467,L,U,1,6,FALSE,TRUE,FALSE,FALSE,FALSE,FALSE,FALSE,FALSE,FALSE,0,FALSE,FALSE,FALSE,FALSE,FALSE,0,0,FALSE,2026-09-25T21:05:03.184375Z
7029,2026_01_ARI_LAC,2026,1,1155167,3496,R,U,1,7,FALSE,TRUE,FALSE,FALSE,FALSE,FALSE,FALSE,FALSE,FALSE,0,FALSE,FALSE,FALSE,FALSE,FALSE,0,0,FALSE,2026-09-25T21:05:03.184375Z
7029,2026_01_ARI_LAC,2026,1,1155168,3518,R,S,1,5,FALSE,TRUE,FALSE,FALSE,FALSE,FALSE,FALSE,FALSE,FALSE,1,TRUE,FALSE,FALSE,FALSE,FALSE,0,4,FALSE,2026-09-25T21:05:03.184375Z
7029,2026_01_ARI_LAC,2026,1,1155169,3543,R,U,1,7,FALSE,TRUE,FALSE,FALSE,FALSE,FALSE,FALSE,FALSE,FALSE,0,FALSE,FALSE,FALSE,FALSE,FALSE,0,0,FALSE,2026-09-25T21:05:03.184375Z
7029,2026_01_ARI_LAC,2026,1,1155170,3565,L,U,1,7,FALSE,TRUE,FALSE,FALSE,FALSE,FALSE,FALSE,FALSE,FALSE,0,FALSE,FALSE,FALSE,FALSE,FALSE,0,0,FALSE,2026-09-25T21:05:03.184375Z
7029,2026_01_ARI_LAC,2026,1,1155171,3587,R,U,2,6,FALSE,TRUE,FALSE,FALSE,FALSE,FALSE,FALSE,FALSE,FALSE,0,FALSE,FALSE,FALSE,FALSE,FALSE,0,0,FALSE,2026-09-25T21:05:03.184375Z
7029,2026_01_ARI_LAC,2026,1,1155172,3609,R,U,1,7,FALSE,TRUE,FALSE,FALSE,FALSE,FALSE,FALSE,FALSE,FALSE,0,FALSE,FALSE,FALSE,FALSE,FALSE,0,0,FALSE,2026-09-25T21:05:03.184375Z
7029,2026_01_ARI_LAC,2026,1,1155173,3631,R,U,1,6,FALSE,TRUE,TRUE,FALSE,FALSE,FALSE,TRUE,FALSE,FALSE,0,FALSE,FALSE,FALSE,FALSE,FALSE,1,5,FALSE,2026-09-25T21:05:03.184375Z
7029,2026_01_ARI_LAC,2026,1,1155174,3660,0,0,0,0,FALSE,FALSE,FALSE,FALSE,FALSE,FALSE,FALSE,FALSE,FALSE,0,FALSE,FALSE,FALSE,FALSE,FALSE,0,0,FALSE,2026-09-25T21:05:03.184375Z
7029,2026_01_ARI_LAC,2026,1,1155175,3686,L,S,1,6,FALSE,TRUE,FALSE,FALSE,FALSE,FALSE,TRUE,FALSE,FALSE,SD,FALSE,FALSE,FALSE,FALSE,FALSE,0,4,FALSE,2026-09-25T21:05:03.184375Z
7029,2026_01_ARI_LAC,2026,1,1155176,3713,L,S,0,5,FALSE,FALSE,FALSE,FALSE,FALSE,FALSE,FALSE,FALSE,FALSE,1,FALSE,FALSE,FALSE,FALSE,FALSE,0,4,FALSE,2026-09-25T21:05:03.184375Z
7029,2026_01_ARI_LAC,2026,1,1155177,3736,0,0,0,0,FALSE,FALSE,FALSE,FALSE,FALSE,FALSE,FALSE,FALSE,FALSE,0,FALSE,FALSE,FALSE,FALSE,FALSE,0,0,FALSE,2026-09-25T21:05:03.184375Z
7029,2026_01_ARI_LAC,2026,1,1155178,3760,0,0,0,0,FALSE,FALSE,FALSE,FALSE,FALSE,FALSE,FALSE,FALSE,FALSE,0,FALSE,FALSE,FALSE,FALSE,FALSE,0,0,FALSE,2026-09-25T21:05:03.184375Z
7029,2026_01_ARI_LAC,2026,1,1155179,3784,L,S,1,6,FALSE,TRUE,FALSE,TRUE,FALSE,FALSE,FALSE,FALSE,FALSE,DES,TRUE,FALSE,FALSE,FALSE,FALSE,1,5,FALSE,2026-09-25T21:05:03.184375Z
7029,2026_01_ARI_LAC,2026,1,1155180,3821,L,S,1,5,FALSE,FALSE,FALSE,FALSE,FALSE,FALSE,FALSE,FALSE,FALSE,1,TRUE,TRUE,FALSE,FALSE,FALSE,0,4,FALSE,2026-09-25T21:05:03.184375Z
7029,2026_01_ARI_LAC,2026,1,1155181,3861,0,0,0,0,FALSE,FALSE,FALSE,FALSE,FALSE,FALSE,FALSE,FALSE,FALSE,0,FALSE,FALSE,FALSE,FALSE,FALSE,0,0,FALSE,2026-09-25T21:05:03.184375Z
7029,2026_01_ARI_LAC,2026,1,1155182,3849,L,S,1,4,FALSE,TRUE,FALSE,FALSE,FALSE,FALSE,TRUE,FALSE,FALSE,SD,TRUE,FALSE,FALSE,FALSE,FALSE,0,4,FALSE,2026-09-25T21:05:03.184375Z
7029,2026_01_ARI_LAC,2026,1,1155183,3881,R,S,0,4,FALSE,TRUE,FALSE,FALSE,FALSE,FALSE,TRUE,FALSE,FALSE,SD,TRUE,FALSE,FALSE,FALSE,FALSE,0,4,FALSE,2026-09-25T21:05:03.184375Z
7029,2026_01_ARI_LAC,2026,1,1155184,3917,L,U,1,6,FALSE,TRUE,FALSE,FALSE,FALSE,FALSE,FALSE,FALSE,FALSE,0,FALSE,FALSE,FALSE,FALSE,FALSE,0,0,FALSE,2026-09-25T21:05:03.184375Z
7029,2026_01_ARI_LAC,2026,1,1155185,3951,0,0,0,0,FALSE,FALSE,FALSE,FALSE,FALSE,FALSE,FALSE,FALSE,FALSE,0,FALSE,FALSE,FALSE,FALSE,FALSE,0,0,FALSE,2026-09-25T21:05:03.184375Z
7029,2026_01_ARI_LAC,2026,1,1155186,3939,M,U,1,7,FALSE,FALSE,FALSE,FALSE,FALSE,FALSE,FALSE,FALSE,FALSE,0,FALSE,FALSE,FALSE,FALSE,FALSE,0,0,FALSE,2026-09-25T21:05:03.184375Z
7029,2026_01_ARI_LAC,2026,1,1155187,3968,L,U,1,7,FALSE,FALSE,FALSE,FALSE,FALSE,FALSE,FALSE,FALSE,FALSE,0,FALSE,FALSE,FALSE,FALSE,FALSE,0,0,FALSE,2026-09-25T21:05:03.184375Z
7029,2026_01_ARI_LAC,2026,1,1155188,3990,0,0,0,0,FALSE,FALSE,FALSE,FALSE,FALSE,FALSE,FALSE,FALSE,FALSE,0,FALSE,FALSE,FALSE,FALSE,FALSE,0,0,FALSE,2026-09-25T21:05:03.184375Z
7029,2026_01_ARI_LAC,2026,1,1155189,4010,0,0,0,0,FALSE,FALSE,FALSE,FALSE,FALSE,FALSE,FALSE,FALSE,FALSE,0,FALSE,FALSE,FALSE,FALSE,FALSE,0,0,FALSE,2026-09-25T21:05:03.184375Z
7029,2026_01_ARI_LAC,2026,1,1155190,4027,L,S,0,6,FALSE,TRUE,FALSE,FALSE,FALSE,FALSE,FALSE,FALSE,FALSE,0,FALSE,FALSE,FALSE,FALSE,FALSE,1,5,FALSE,2026-09-25T21:05:03.184375Z
7029,2026_01_ARI_LAC,2026,1,1155191,4047,M,S,1,6,TRUE,TRUE,FALSE,FALSE,FALSE,FALSE,FALSE,FALSE,FALSE,1,FALSE,FALSE,FALSE,FALSE,FALSE,0,4,FALSE,2026-09-25T21:05:03.184375Z
7029,2026_01_ARI_LAC,2026,1,1155192,4070,M,S,1,6,FALSE,TRUE,FALSE,FALSE,FALSE,FALSE,FALSE,FALSE,FALSE,1,TRUE,TRUE,FALSE,FALSE,FALSE,0,4,FALSE,2026-09-25T21:05:03.184375Z
7029,2026_01_ARI_LAC,2026,1,1155193,4095,M,S,1,7,FALSE,TRUE,FALSE,FALSE,FALSE,FALSE,FALSE,FALSE,FALSE,1,TRUE,TRUE,FALSE,FALSE,FALSE,1,5,FALSE,2026-09-25T21:05:03.184375Z
7029,2026_01_ARI_LAC,2026,1,1155194,4127,0,0,0,0,FALSE,FALSE,FALSE,FALSE,FALSE,FALSE,FALSE,FALSE,FALSE,0,FALSE,FALSE,FALSE,FALSE,FALSE,0,0,FALSE,2026-09-25T21:05:03.184375Z
7029,2026_01_ARI_LAC,2026,1,1155195,4149,0,0,0,0,FALSE,FALSE,FALSE,FALSE,FALSE,FALSE,FALSE,FALSE,FALSE,0,FALSE,FALSE,FALSE,FALSE,FALSE,0,0,FALSE,2026-09-25T21:05:03.184375Z
7029,2026_01_ARI_LAC,2026,1,1155196,4171,0,0,0,0,FALSE,FALSE,FALSE,FALSE,FALSE,FALSE,FALSE,FALSE,FALSE,0,FALSE,FALSE,FALSE,FALSE,FALSE,0,0,FALSE,2026-09-25T21:05:03.184375Z
7051,2026_03_ATL_GB,2026,3,1158666,40,0,0,0,0,FALSE,FALSE,FALSE,FALSE,FALSE,FALSE,FALSE,FALSE,FALSE,0,FALSE,FALSE,FALSE,FALSE,FALSE,0,0,FALSE,2026-09-28T05:02:01.788849Z
7051,2026_03_ATL_GB,2026,3,1158667,63,R,U,1,6,FALSE,TRUE,FALSE,FALSE,FALSE,FALSE,FALSE,FALSE,FALSE,0,FALSE,FALSE,FALSE,FALSE,FALSE,0,0,FALSE,2026-09-28T05:02:01.788849Z
7051,2026_03_ATL_GB,2026,3,1158668,85,L,S,1,6,FALSE,TRUE,FALSE,TRUE,FALSE,FALSE,FALSE,FALSE,FALSE,DES,TRUE,FALSE,FALSE,FALSE,FALSE,0,4,FALSE,2026-09-28T05:02:01.788849Z
7051,2026_03_ATL_GB,2026,3,1158669,110,L,S,1,7,FALSE,TRUE,TRUE,FALSE,FALSE,FALSE,FALSE,FALSE,FALSE,1,FALSE,FALSE,FALSE,FALSE,FALSE,0,4,FALSE,2026-09-28T05:02:01.788849Z
7051,2026_03_ATL_GB,2026,3,1158670,133,L,S,1,6,FALSE,TRUE,FALSE,FALSE,FALSE,FALSE,FALSE,TRUE,FALSE,1,FALSE,FALSE,FALSE,FALSE,FALSE,0,4,FALSE,2026-09-28T05:02:01.788849Z
7051,2026_03_ATL_GB,2026,3,1158671,160,R,U,1,8,FALSE,TRUE,TRUE,FALSE,FALSE,FALSE,FALSE,FALSE,FALSE,2,TRUE,FALSE,FALSE,FALSE,FALSE,1,5,FALSE,2026-09-28T05:02:01.788849Z
7051,2026_03_ATL_GB,2026,3,1158672,185,L,S,1,7,FALSE,FALSE,FALSE,FALSE,FALSE,FALSE,FALSE,FALSE,FALSE,CHK,FALSE,FALSE,FALSE,FALSE,FALSE,1,5,FALSE,2026-09-28T05:02:01.788849Z
7051,2026_03_ATL_GB,2026,3,1158673,208,L,S,1,7,FALSE,TRUE,FALSE,FALSE,FALSE,FALSE,FALSE,FALSE,FALSE,1,FALSE,FALSE,FALSE,FALSE,FALSE,0,4,FALSE,2026-09-28T05:02:01.788849Z
7051,2026_03_ATL_GB,2026,3,1158674,231,0,0,0,0,FALSE,FALSE,FALSE,FALSE,FALSE,FALSE,FALSE,FALSE,FALSE,0,FALSE,FALSE,FALSE,FALSE,FALSE,0,0,FALSE,2026-09-28T05:02:01.788849Z
7051,2026_03_ATL_GB,2026,3,1158675,255,0,0,0,0,FALSE,FALSE,FALSE,FALSE,FALSE,FALSE,FALSE,FALSE,FALSE,0,FALSE,FALSE,FALSE,FALSE,FALSE,0,0,FALSE,2026-09-28T05:02:01.788849Z
7051,2026_03_ATL_GB,2026,3,1158676,281,L,P,2,6,FALSE,TRUE,FALSE,FALSE,FALSE,FALSE,FALSE,FALSE,FALSE,0,FALSE,FALSE,FALSE,FALSE,FALSE,0,0,FALSE,2026-09-28T05:02:01.788849Z
7051,2026_03_ATL_GB,2026,3,1158677,310,R,U,2,7,FALSE,TRUE,FALSE,FALSE,FALSE,FALSE,FALSE,FALSE,FALSE,0,FALSE,FALSE,FALSE,FALSE,FALSE,0,0,FALSE,2026-09-28T05:02:01.788849Z
7051,2026_03_ATL_GB,2026,3,1158678,332,L,U,1,7,FALSE,TRUE,TRUE,FALSE,FALSE,FALSE,TRUE,FALSE,TRUE,SD,FALSE,FALSE,FALSE,FALSE,FALSE,1,5,FALSE,2026-09-28T05:02:01.788849Z
7051,2026_03_ATL_GB,2026,3,1158679,355,L,S,1,6,FALSE,TRUE,FALSE,FALSE,FALSE,FALSE,FALSE,FALSE,FALSE,0,FALSE,FALSE,FALSE,FALSE,FALSE,0,0,FALSE,2026-09-28T05:02:01.788849Z
7051,2026_03_ATL_GB,2026,3,1158680,377,R,S,1,8,FALSE,FALSE,FALSE,FALSE,FALSE,FALSE,FALSE,FALSE,FALSE,1,FALSE,FALSE,FALSE,FALSE,FALSE,2,6,FALSE,2026-09-28T05:02:01.788849Z
7051,2026_03_ATL_GB,2026,3,1158681,400,0,0,0,0,FALSE,FALSE,FALSE,FALSE,FALSE,FALSE,FALSE,FALSE,FALSE,0,FALSE,FALSE,FALSE,FALSE,FALSE,0,0,FALSE,2026-09-28T05:02:01.788849Z
7051,2026_03_ATL_GB,2026,3,1158682,420,R,U,1,6,FALSE,FALSE,FALSE,FALSE,FALSE,FALSE,FALSE,FALSE,FALSE,0,FALSE,FALSE,FALSE,FALSE,FALSE,0,0,FALSE,2026-09-28T05:02:01.788849Z
7051,2026_03_ATL_GB,2026,3,1158683,449,R,S,1,6,FALSE,TRUE,FALSE,FALSE,FALSE,FALSE,FALSE,FALSE,FALSE,1,FALSE,FALSE,FALSE,FALSE,FALSE,1,5,FALSE,2026-09-28T05:02:01.788849Z
7051,2026_03_ATL_GB,2026,3,1158684,472,R,S,1,5,FALSE,TRUE,FALSE,FALSE,FALSE,FALSE,FALSE,FALSE,FALSE,1,TRUE,TRUE,TRUE,FALSE,FALSE,0,4,FALSE,2026-09-28T05:02:01.788849Z
7051,2026_03_ATL_GB,2026,3,1158685,497,R,S,1,6,FALSE,TRUE,FALSE,FALSE,FALSE,FALSE,FALSE,FALSE,FALSE,0,FALSE,FALSE,FALSE,FALSE,FALSE,0,0,FALSE,2026-09-28T05:02:01.788849Z
7051,2026_03_ATL_GB,2026,3,1158686,530,L,S,1,7,FALSE,TRUE,TRUE,TRUE,FALSE,FALSE,FALSE,FALSE,FALSE,DES,TRUE,FALSE,FALSE,FALSE,FALSE,0,4,FALSE,2026-09-28T05:02:01.788849Z
7051,2026_03_ATL_GB,2026,3,1158687,571,L,S,2,7,FALSE,TRUE,FALSE,FALSE,FALSE,FALSE,FALSE,FALSE,FALSE,0,FALSE,FALSE,FALSE,FALSE,FALSE,0,0,FALSE,2026-09-28T05:02:01.788849Z
7051,2026_03_ATL_GB,2026,3,1158688,610,0,0,0,0,FALSE,FALSE,FALSE,FALSE,FALSE,FALSE,FALSE,FALSE,FALSE,0,FALSE,FALSE,FALSE,FALSE,FALSE,0,0,FALSE,2026-09-28T05:02:01.788849Z
7051,2026_03_ATL_GB,2026,3,1158689,598,M,U,1,7,FALSE,FALSE,TRUE,FALSE,FALSE,FALSE,TRUE,FALSE,FALSE,1,TRUE,FALSE,FALSE,FALSE,FALSE,1,5,FALSE,2026-09-28T05:02:01.788849Z
7051,2026_03_ATL_GB,2026,3,1158690,635,R,S,1,6,FALSE,FALSE,FALSE,FALSE,FALSE,FALSE,FALSE,FALSE,FALSE,1,TRUE,FALSE,FALSE,FALSE,FALSE,0,4,FALSE,2026-09-28T05:02:01.788849Z
7051,2026_03_ATL_GB,2026,3,1158691,660,R,U,1,6,FALSE,TRUE,FALSE,FALSE,FALSE,FALSE,FALSE,FALSE,FALSE,0,FALSE,FALSE,FALSE,FALSE,FALSE,0,0,FALSE,2026-09-28T05:02:01.788849Z
7051,2026_03_ATL_GB,2026,3,1158692,682,M,U,1,8,FALSE,TRUE,TRUE,FALSE,FALSE,FALSE,TRUE,FALSE,FALSE,1,TRUE,FALSE,FALSE,FALSE,FALSE,1,5,FALSE,2026-09-28T05:02:01.788849Z
7051,2026_03_ATL_GB,2026,3,1158693,710,0,0,0,0,FALSE,FALSE,FALSE,FALSE,FALSE,FALSE,FALSE,FALSE,FALSE,0,FALSE,FALSE,FALSE,FALSE,FALSE,0,0,FALSE,2026-09-28T05:02:01.788849Z
7051,2026_03_ATL_GB,2026,3,1158694,725,0,0,0,0,FALSE,FALSE,FALSE,FALSE,FALSE,FALSE,FALSE,FALSE,FALSE,0,FALSE,FALSE,FALSE,FALSE,FALSE,0,0,FALSE,2026-09-28T05:02:01.788849Z
7051,2026_03_ATL_GB,2026,3,1158695,766,L,S,1,7,FALSE,TRUE,FALSE,FALSE,FALSE,FALSE,FALSE,FALSE,FALSE,1,TRUE,FALSE,FALSE,FALSE,FALSE,1,5,FALSE,2026-09-28T05:02:01.788849Z
7051,2026_03_ATL_GB,2026,3,1158696,791,R,U,2,6,FALSE,TRUE,FALSE,FALSE,FALSE,FALSE,FALSE,FALSE,FALSE,0,FALSE,FALSE,FALSE,FALSE,FALSE,0,0,FALSE,2026-09-28T05:02:01.788849Z
7051,2026_03_ATL_GB,2026,3,1158697,813,M,U,1,6,FALSE,FALSE,FALSE,FALSE,FALSE,FALSE,FALSE,FALSE,FALSE,0,FALSE,FALSE,FALSE,FALSE,FALSE,0,0,FALSE,2026-09-28T05:02:01.788849Z
7051,2026_03_ATL_GB,2026,3,1158698,835,L,U,1,6,FALSE,FALSE,TRUE,FALSE,FALSE,FALSE,FALSE,FALSE,FALSE,0,FALSE,FALSE,FALSE,FALSE,FALSE,0,4,FALSE,2026-09-28T05:02:01.788849Z
7051,2026_03_ATL_GB,2026,3,1158699,877,L,S,0,5,FALSE,TRUE,FALSE,FALSE,FALSE,FALSE,FALSE,FALSE,FALSE,1,FALSE,FALSE,FALSE,FALSE,FALSE,0,3,FALSE,2026-09-28T05:02:01.788849Z
7051,2026_03_ATL_GB,2026,3,1158700,912,L,U,1,7,FALSE,FALSE,FALSE,FALSE,FALSE,FALSE,FALSE,FALSE,FALSE,0,FALSE,FALSE,FALSE,FALSE,FALSE,0,0,FALSE,2026-09-28T05:02:01.788849Z
7051,2026_03_ATL_GB,2026,3,1158701,934,R,U,2,7,FALSE,TRUE,FALSE,FALSE,FALSE,FALSE,FALSE,FALSE,FALSE,0,FALSE,FALSE,FALSE,FALSE,FALSE,0,0,FALSE,2026-09-28T05:02:01.788849Z
7051,2026_03_ATL_GB,2026,3,1158702,956,R,U,1,6,FALSE,TRUE,FALSE,FALSE,FALSE,FALSE,FALSE,FALSE,FALSE,0,FALSE,FALSE,FALSE,FALSE,FALSE,0,0,FALSE,2026-09-28T05:02:01.788849Z
7051,2026_03_ATL_GB,2026,3,1158703,979,0,0,0,0,FALSE,FALSE,FALSE,FALSE,FALSE,FALSE,FALSE,FALSE,FALSE,0,FALSE,FALSE,FALSE,FALSE,FALSE,0,0,FALSE,2026-09-28T05:02:01.788849Z
7051,2026_03_ATL_GB,2026,3,1158704,994,0,0,0,0,FALSE,FALSE,FALSE,FALSE,FALSE,FALSE,FALSE,FALSE,FALSE,0,FALSE,FALSE,FALSE,FALSE,FALSE,0,0,FALSE,2026-09-28T05:02:01.788849Z
7051,2026_03_ATL_GB,2026,3,1158705,1024,R,U,1,7,FALSE,FALSE,TRUE,TRUE,FALSE,FALSE,TRUE,FALSE,FALSE,DES,TRUE,TRUE,FALSE,FALSE,FALSE,0,4,FALSE,2026-09-28T05:02:01.788849Z
7051,2026_03_ATL_GB,2026,3,1158706,1049,R,S,1,6,FALSE,TRUE,FALSE,FALSE,FALSE,FALSE,FALSE,FALSE,FALSE,1,FALSE,FALSE,FALSE,FALSE,FALSE,0,4,FALSE,2026-09-28T05:02:01.788849Z
7051,2026_03_ATL_GB,2026,3,1158707,1072,R,S,1,5,FALSE,TRUE,FALSE,FALSE,FALSE,FALSE,FALSE,FALSE,FALSE,CHK,TRUE,FALSE,FALSE,FALSE,FALSE,0,4,FALSE,2026-09-28T05:02:01.788849Z
7051,2026_03_ATL_GB,2026,3,1158708,1117,0,0,0,0,FALSE,FALSE,FALSE,FALSE,FALSE,FALSE,FALSE,FALSE,FALSE,0,FALSE,FALSE,FALSE,FALSE,FALSE,0,0,FALSE,2026-09-28T05:02:01.788849Z
7051,2026_03_ATL_GB,2026,3,1158709,1148,R,U,1,7,FALSE,TRUE,TRUE,TRUE,FALSE,FALSE,FALSE,FALSE,FALSE,DES,TRUE,FALSE,FALSE,FALSE,FALSE,0,4,FALSE,2026-09-28T05:02:01.788849Z
7051,2026_03_ATL_GB,2026,3,1158710,1173,M,U,1,6,FALSE,TRUE,FALSE,FALSE,FALSE,FALSE,FALSE,FALSE,FALSE,0,FALSE,FALSE,FALSE,FALSE,FALSE,0,0,FALSE,2026-09-28T05:02:01.788849Z
7051,2026_03_ATL_GB,2026,3,1158711,1195,L,S,1,6,FALSE,TRUE,FALSE,FALSE,FALSE,FALSE,FALSE,FALSE,FALSE,1,TRUE,FALSE,FALSE,FALSE,FALSE,1,5,FALSE,2026-09-28T05:02:01.788849Z
7051,2026_03_ATL_GB,2026,3,1158712,1220,R,U,1,6,FALSE,TRUE,FALSE,FALSE,FALSE,FALSE,FALSE,FALSE,FALSE,0,FALSE,FALSE,FALSE,FALSE,FALSE,0,0,FALSE,2026-09-28T05:02:01.788849Z
7051,2026_03_ATL_GB,2026,3,1158713,1242,L,S,1,6,FALSE,TRUE,FALSE,FALSE,FALSE,FALSE,FALSE,FALSE,FALSE,1,FALSE,FALSE,FALSE,FALSE,FALSE,0,3,FALSE,2026-09-28T05:02:01.788849Z
7051,2026_03_ATL_GB,2026,3,1158714,1265,L,S,2,6,FALSE,TRUE,FALSE,FALSE,TRUE,FALSE,FALSE,FALSE,FALSE,0,FALSE,FALSE,FALSE,FALSE,FALSE,0,0,FALSE,2026-09-28T05:02:01.788849Z
7051,2026_03_ATL_GB,2026,3,1158715,1287,L,S,1,6,FALSE,FALSE,FALSE,TRUE,FALSE,FALSE,FALSE,FALSE,FALSE,DES,TRUE,FALSE,FALSE,FALSE,FALSE,0,4,FALSE,2026-09-28T05:02:01.788849Z
7051,2026_03_ATL_GB,2026,3,1158716,1317,0,0,0,0,FALSE,FALSE,FALSE,FALSE,FALSE,FALSE,FALSE,FALSE,FALSE,0,FALSE,FALSE,FALSE,FALSE,FALSE,0,0,FALSE,2026-09-28T05:02:01.788849Z
7051,2026_03_ATL_GB,2026,3,1158717,1337,R,U,1,6,FALSE,FALSE,FALSE,FALSE,FALSE,FALSE,FALSE,FALSE,FALSE,0,FALSE,FALSE,FALSE,FALSE,FALSE,0,0,FALSE,2026-09-28T05:02:01.788849Z
7051,2026_03_ATL_GB,2026,3,1158718,1366,R,S,1,7,FALSE,TRUE,FALSE,FALSE,FALSE,FALSE,FALSE,FALSE,FALSE,1,FALSE,FALSE,FALSE,FALSE,FALSE,1,5,FALSE,2026-09-28T05:02:01.788849Z
7051,2026_03_ATL_GB,2026,3,1158719,1389,R,S,1,6,FALSE,FALSE,FALSE,FALSE,FALSE,FALSE,FALSE,FALSE,FALSE,0,FALSE,FALSE,FALSE,FALSE,FALSE,2,6,TRUE,2026-09-28T05:02:01.788849Z
7051,2026_03_ATL_GB,2026,3,1158720,1463,0,0,0,0,FALSE,FALSE,FALSE,FALSE,FALSE,FALSE,FALSE,FALSE,FALSE,0,FALSE,FALSE,FALSE,FALSE,FALSE,0,0,FALSE,2026-09-28T05:02:01.788849Z
7051,2026_03_ATL_GB,2026,3,1158721,1490,L,U,1,6,FALSE,TRUE,TRUE,FALSE,FALSE,FALSE,TRUE,FALSE,FALSE,1,TRUE,FALSE,FALSE,FALSE,FALSE,0,4,FALSE,2026-09-28T05:02:01.788849Z
7051,2026_03_ATL_GB,2026,3,1158722,1520,L,U,2,6,FALSE,TRUE,FALSE,FALSE,FALSE,FALSE,FALSE,FALSE,FALSE,0,FALSE,FALSE,FALSE,FALSE,FALSE,0,0,FALSE,2026-09-28T05:02:01.788849Z
7051,2026_03_ATL_GB,2026,3,1158723,1542,R,S,1,5,FALSE,TRUE,FALSE,TRUE,TRUE,FALSE,FALSE,FALSE,FALSE,DES,TRUE,FALSE,FALSE,FALSE,FALSE,0,4,FALSE,2026-09-28T05:02:01.788849Z
7051,2026_03_ATL_GB,2026,3,1158724,1567,L,P,2,6,FALSE,TRUE,FALSE,FALSE,FALSE,FALSE,FALSE,FALSE,FALSE,0,FALSE,FALSE,FALSE,FALSE,FALSE,0,0,FALSE,2026-09-28T05:02:01.788849Z
7051,2026_03_ATL_GB,2026,3,1158725,1589,R,U,1,7,FALSE,TRUE,FALSE,FALSE,FALSE,FALSE,FALSE,FALSE,FALSE,0,FALSE,FALSE,FALSE,FALSE,FALSE,0,0,FALSE,2026-09-28T05:02:01.788849Z
7051,2026_03_ATL_GB,2026,3,1158726,1611,L,S,1,5,FALSE,FALSE,FALSE,TRUE,FALSE,FALSE,FALSE,FALSE,FALSE,DES,TRUE,FALSE,FALSE,FALSE,FALSE,1,5,FALSE,2026-09-28T05:02:01.788849Z
7051,2026_03_ATL_GB,2026,3,1158727,1636,R,S,1,5,FALSE,TRUE,FALSE,FALSE,FALSE,FALSE,FALSE,FALSE,FALSE,1,TRUE,FALSE,FALSE,FALSE,FALSE,0,4,FALSE,2026-09-28T05:02:01.788849Z
7051,2026_03_ATL_GB,2026,3,1158728,1661,0,0,0,0,FALSE,FALSE,FALSE,FALSE,FALSE,FALSE,FALSE,FALSE,FALSE,0,FALSE,FALSE,FALSE,FALSE,FALSE,0,0,FALSE,2026-09-28T05:02:01.788849Z
7051,2026_03_ATL_GB,2026,3,1158729,1681,0,0,0,0,FALSE,FALSE,FALSE,FALSE,FALSE,FALSE,FALSE,FALSE,FALSE,0,FALSE,FALSE,FALSE,FALSE,FALSE,0,0,FALSE,2026-09-28T05:02:01.788849Z
7051,2026_03_ATL_GB,2026,3,1158730,1711,L,S,1,7,FALSE,TRUE,TRUE,FALSE,FALSE,FALSE,TRUE,FALSE,FALSE,1,FALSE,TRUE,FALSE,FALSE,FALSE,0,4,FALSE,2026-09-28T05:02:01.788849Z
7051,2026_03_ATL_GB,2026,3,1158731,1745,L,P,1,6,FALSE,TRUE,FALSE,FALSE,FALSE,FALSE,FALSE,FALSE,FALSE,0,FALSE,FALSE,FALSE,FALSE,FALSE,0,0,FALSE,2026-09-28T05:02:01.788849Z
7051,2026_03_ATL_GB,2026,3,1158732,1767,L,S,1,6,FALSE,TRUE,FALSE,FALSE,FALSE,FALSE,FALSE,FALSE,FALSE,1,TRUE,TRUE,FALSE,FALSE,FALSE,0,4,FALSE,2026-09-28T05:02:01.788849Z
7051,2026_03_ATL_GB,2026,3,1158733,1790,L,S,1,6,FALSE,FALSE,FALSE,FALSE,FALSE,FALSE,FALSE,FALSE,FALSE,1,FALSE,TRUE,FALSE,FALSE,FALSE,1,5,FALSE,2026-09-28T05:02:01.788849Z
7051,2026_03_ATL_GB,2026,3,1158734,1813,0,0,0,0,FALSE,FALSE,FALSE,FALSE,FALSE,FALSE,FALSE,FALSE,FALSE,0,FALSE,FALSE,FALSE,FALSE,FALSE,0,0,FALSE,2026-09-28T05:02:01.788849Z
7051,2026_03_ATL_GB,2026,3,1158735,1836,R,U,1,8,FALSE,TRUE,TRUE,FALSE,FALSE,FALSE,FALSE,FALSE,FALSE,1,TRUE,FALSE,FALSE,FALSE,FALSE,1,5,FALSE,2026-09-28T05:02:01.788849Z
7051,2026_03_ATL_GB,2026,3,1158736,1861,R,U,2,6,FALSE,TRUE,FALSE,FALSE,FALSE,FALSE,FALSE,FALSE,FALSE,0,FALSE,FALSE,FALSE,FALSE,FALSE,0,0,FALSE,2026-09-28T05:02:01.788849Z
7051,2026_03_ATL_GB,2026,3,1158737,1883,L,S,1,7,FALSE,TRUE,FALSE,FALSE,FALSE,FALSE,FALSE,FALSE,FALSE,1,TRUE,FALSE,FALSE,FALSE,FALSE,0,4,FALSE,2026-09-28T05:02:01.788849Z
7051,2026_03_ATL_GB,2026,3,1158738,1908,L,U,1,9,FALSE,FALSE,TRUE,FALSE,FALSE,FALSE,FALSE,FALSE,FALSE,1,TRUE,FALSE,FALSE,FALSE,FALSE,2,6,FALSE,2026-09-28T05:02:01.788849Z
7051,2026_03_ATL_GB,2026,3,1158739,1945,L,U,1,6,FALSE,TRUE,FALSE,FALSE,FALSE,FALSE,FALSE,FALSE,FALSE,0,FALSE,FALSE,FALSE,FALSE,FALSE,0,0,FALSE,2026-09-28T05:02:01.788849Z
7051,2026_03_ATL_GB,2026,3,1158740,1979,0,0,0,0,FALSE,FALSE,FALSE,FALSE,FALSE,FALSE,FALSE,FALSE,FALSE,0,FALSE,FALSE,FALSE,FALSE,FALSE,0,0,FALSE,2026-09-28T05:02:01.788849Z
7051,2026_03_ATL_GB,2026,3,1158741,1967,R,U,1,7,FALSE,FALSE,FALSE,FALSE,FALSE,FALSE,FALSE,FALSE,FALSE,0,FALSE,FALSE,FALSE,FALSE,FALSE,0,0,FALSE,2026-09-28T05:02:01.788849Z
7051,2026_03_ATL_GB,2026,3,1158742,1996,R,U,2,7,FALSE,TRUE,FALSE,FALSE,FALSE,FALSE,FALSE,FALSE,FALSE,0,FALSE,FALSE,FALSE,FALSE,FALSE,0,0,FALSE,2026-09-28T05:02:01.788849Z
7051,2026_03_ATL_GB,2026,3,1158743,2030,0,0,0,0,FALSE,FALSE,FALSE,FALSE,FALSE,FALSE,FALSE,FALSE,FALSE,0,FALSE,FALSE,FALSE,FALSE,FALSE,0,0,FALSE,2026-09-28T05:02:01.788849Z
7051,2026_03_ATL_GB,2026,3,1158744,2018,L,S,0,6,FALSE,TRUE,FALSE,FALSE,FALSE,FALSE,FALSE,FALSE,FALSE,1,TRUE,FALSE,FALSE,FALSE,FALSE,0,4,FALSE,2026-09-28T05:02:01.788849Z
7051,2026_03_ATL_GB,2026,3,1158745,2056,0,0,0,0,FALSE,FALSE,FALSE,FALSE,FALSE,FALSE,FALSE,FALSE,FALSE,0,FALSE,FALSE,FALSE,FALSE,FALSE,0,0,FALSE,2026-09-28T05:02:01.788849Z
7051,2026_03_ATL_GB,2026,3,1158746,2071,0,0,0,0,FALSE,FALSE,FALSE,FALSE,FALSE,FALSE,FALSE,FALSE,FALSE,0,FALSE,FALSE,FALSE,FALSE,FALSE,0,0,FALSE,2026-09-28T05:02:01.788849Z
7051,2026_03_ATL_GB,2026,3,1158747,2101,R,S,1,5,FALSE,TRUE,FALSE,FALSE,FALSE,FALSE,FALSE,FALSE,FALSE,1,TRUE,FALSE,FALSE,TRUE,FALSE,0,4,FALSE,2026-09-28T05:02:01.788849Z
7051,2026_03_ATL_GB,2026,3,1158748,2124,R,S,1,5,FALSE,FALSE,FALSE,FALSE,FALSE,FALSE,FALSE,FALSE,FALSE,1,TRUE,FALSE,FALSE,FALSE,FALSE,0,4,FALSE,2026-09-28T05:02:01.788849Z
7051,2026_03_ATL_GB,2026,3,1158749,2154,R,S,1,7,FALSE,FALSE,FALSE,FALSE,FALSE,FALSE,FALSE,FALSE,FALSE,1,TRUE,TRUE,FALSE,FALSE,FALSE,0,4,FALSE,2026-09-28T05:02:01.788849Z
7051,2026_03_ATL_GB,2026,3,1158750,2215,0,0,0,0,FALSE,FALSE,FALSE,FALSE,FALSE,FALSE,FALSE,FALSE,FALSE,0,FALSE,FALSE,FALSE,FALSE,FALSE,0,0,FALSE,2026-09-28T05:02:01.788849Z
7051,2026_03_ATL_GB,2026,3,1158751,2275,L,S,1,6,FALSE,FALSE,FALSE,TRUE,FALSE,FALSE,FALSE,FALSE,TRUE,DES,FALSE,FALSE,FALSE,FALSE,FALSE,0,4,FALSE,2026-09-28T05:02:01.788849Z
7051,2026_03_ATL_GB,2026,3,1158752,2315,L,S,1,6,FALSE,FALSE,FALSE,FALSE,FALSE,FALSE,FALSE,FALSE,FALSE,0,FALSE,FALSE,FALSE,FALSE,FALSE,0,0,FALSE,2026-09-28T05:02:01.788849Z
7051,2026_03_ATL_GB,2026,3,1158753,2357,0,0,0,0,FALSE,FALSE,FALSE,FALSE,FALSE,FALSE,FALSE,FALSE,FALSE,0,FALSE,FALSE,FALSE,FALSE,FALSE,0,0,FALSE,2026-09-28T05:02:01.788849Z
7051,2026_03_ATL_GB,2026,3,1158754,2380,R,S,1,6,FALSE,TRUE,FALSE,FALSE,TRUE,FALSE,FALSE,FALSE,FALSE,0,FALSE,FALSE,FALSE,FALSE,FALSE,0,0,FALSE,2026-09-28T05:02:01.788849Z
7051,2026_03_ATL_GB,2026,3,1158755,2402,R,S,0,6,FALSE,TRUE,FALSE,FALSE,FALSE,FALSE,FALSE,FALSE,FALSE,CHK,TRUE,FALSE,FALSE,FALSE,FALSE,0,4,FALSE,2026-09-28T05:02:01.788849Z
7051,2026_03_ATL_GB,2026,3,1158756,2427,R,S,1,7,FALSE,FALSE,FALSE,TRUE,FALSE,FALSE,FALSE,FALSE,FALSE,1,TRUE,FALSE,FALSE,FALSE,FALSE,0,4,FALSE,2026-09-28T05:02:01.788849Z
7051,2026_03_ATL_GB,2026,3,1158757,2457,L,U,2,7,FALSE,TRUE,TRUE,FALSE,FALSE,FALSE,FALSE,FALSE,FALSE,1,TRUE,FALSE,FALSE,FALSE,FALSE,1,5,FALSE,2026-09-28T05:02:01.788849Z
7051,2026_03_ATL_GB,2026,3,1158758,2482,L,S,1,7,FALSE,FALSE,FALSE,FALSE,FALSE,FALSE,FALSE,FALSE,FALSE,1,FALSE,FALSE,FALSE,FALSE,FALSE,0,4,FALSE,2026-09-28T05:02:01.788849Z
7051,2026_03_ATL_GB,2026,3,1158759,2505,L,S,1,5,FALSE,TRUE,FALSE,TRUE,FALSE,FALSE,FALSE,FALSE,FALSE,DES,TRUE,FALSE,FALSE,FALSE,FALSE,0,4,FALSE,2026-09-28T05:02:01.788849Z
7051,2026_03_ATL_GB,2026,3,1158760,2538,L,U,1,7,FALSE,FALSE,FALSE,FALSE,FALSE,FALSE,FALSE,FALSE,FALSE,0,FALSE,FALSE,FALSE,FALSE,FALSE,0,0,FALSE,2026-09-28T05:02:01.788849Z
7051,2026_03_ATL_GB,2026,3,1158761,2567,R,U,1,6,FALSE,FALSE,FALSE,FALSE,FALSE,FALSE,FALSE,FALSE,FALSE,0,FALSE,FALSE,FALSE,FALSE,FALSE,0,0,FALSE,2026-09-28T05:02:01.788849Z
7051,2026_03_ATL_GB,2026,3,1158762,2589,R,S,0,6,FALSE,TRUE,FALSE,FALSE,FALSE,FALSE,FALSE,FALSE,FALSE,1,TRUE,FALSE,FALSE,FALSE,FALSE,1,5,FALSE,2026-09-28T05:02:01.788849Z
7051,2026_03_ATL_GB,2026,3,1158763,2622,R,U,2,8,FALSE,TRUE,TRUE,FALSE,FALSE,FALSE,TRUE,FALSE,FALSE,SD,FALSE,FALSE,FALSE,FALSE,FALSE,1,5,FALSE,2026-09-28T05:02:01.788849Z
7051,2026_03_ATL_GB,2026,3,1158764,2645,L,P,1,6,FALSE,TRUE,FALSE,FALSE,FALSE,FALSE,FALSE,FALSE,FALSE,0,FALSE,FALSE,FALSE,FALSE,FALSE,0,0,FALSE,2026-09-28T05:02:01.788849Z
7051,2026_03_ATL_GB,2026,3,1158765,2674,R,U,1,6,FALSE,TRUE,FALSE,FALSE,FALSE,FALSE,FALSE,FALSE,FALSE,0,FALSE,FALSE,FALSE,FALSE,FALSE,0,0,FALSE,2026-09-28T05:02:01.788849Z
7051,2026_03_ATL_GB,2026,3,1158766,2701,R,U,2,8,FALSE,TRUE,TRUE,FALSE,FALSE,FALSE,FALSE,FALSE,FALSE,1,FALSE,TRUE,FALSE,FALSE,FALSE,1,5,FALSE,2026-09-28T05:02:01.788849Z
7051,2026_03_ATL_GB,2026,3,1158767,2735,R,U,1,6,FALSE,TRUE,FALSE,FALSE,FALSE,FALSE,FALSE,FALSE,FALSE,0,FALSE,FALSE,FALSE,FALSE,FALSE,0,0,FALSE,2026-09-28T05:02:01.788849Z
7051,2026_03_ATL_GB,2026,3,1158768,2757,L,U,2,6,FALSE,TRUE,FALSE,FALSE,FALSE,FALSE,FALSE,FALSE,FALSE,0,FALSE,FALSE,FALSE,FALSE,FALSE,0,0,FALSE,2026-09-28T05:02:01.788849Z
7051,2026_03_ATL_GB,2026,3,1158769,2779,M,U,1,7,FALSE,TRUE,FALSE,FALSE,FALSE,FALSE,FALSE,FALSE,FALSE,0,FALSE,FALSE,FALSE,FALSE,FALSE,0,0,FALSE,2026-09-28T05:02:01.788849Z
7051,2026_03_ATL_GB,2026,3,1158770,2801,L,S,1,7,FALSE,TRUE,FALSE,FALSE,FALSE,FALSE,FALSE,FALSE,FALSE,CHK,TRUE,FALSE,FALSE,FALSE,FALSE,0,4,FALSE,2026-09-28T05:02:01.788849Z
7051,2026_03_ATL_GB,2026,3,1158771,2826,L,S,1,6,FALSE,TRUE,FALSE,FALSE,FALSE,FALSE,FALSE,FALSE,FALSE,1,TRUE,FALSE,FALSE,FALSE,FALSE,1,5,FALSE,2026-09-28T05:02:01.788849Z
7051,2026_03_ATL_GB,2026,3,1158772,2851,M,P,2,7,FALSE,TRUE,FALSE,FALSE,FALSE,FALSE,FALSE,FALSE,FALSE,0,FALSE,FALSE,FALSE,FALSE,FALSE,0,0,FALSE,2026-09-28T05:02:01.788849Z
7051,2026_03_ATL_GB,2026,3,1158773,2873,L,U,1,7,FALSE,TRUE,FALSE,FALSE,FALSE,FALSE,FALSE,FALSE,FALSE,0,FALSE,FALSE,FALSE,FALSE,FALSE,0,0,FALSE,2026-09-28T05:02:01.788849Z
7051,2026_03_ATL_GB,2026,3,1158774,2895,R,U,3,7,FALSE,FALSE,FALSE,FALSE,FALSE,FALSE,FALSE,FALSE,FALSE,0,FALSE,FALSE,FALSE,FALSE,FALSE,0,0,FALSE,2026-09-28T05:02:01.788849Z
7051,2026_03_ATL_GB,2026,3,1158775,2920,0,0,0,0,FALSE,FALSE,FALSE,FALSE,FALSE,FALSE,FALSE,FALSE,FALSE,0,FALSE,FALSE,FALSE,FALSE,FALSE,0,0,FALSE,2026-09-28T05:02:01.788849Z
7051,2026_03_ATL_GB,2026,3,1158776,2935,0,0,0,0,FALSE,FALSE,FALSE,FALSE,FALSE,FALSE,FALSE,FALSE,FALSE,0,FALSE,FALSE,FALSE,FALSE,FALSE,0,0,FALSE,2026-09-28T05:02:01.788849Z
7051,2026_03_ATL_GB,2026,3,1158777,2965,R,U,1,6,FALSE,FALSE,TRUE,FALSE,FALSE,FALSE,FALSE,FALSE,FALSE,CHK,FALSE,FALSE,FALSE,FALSE,FALSE,0,4,FALSE,2026-09-28T05:02:01.788849Z
7051,2026_03_ATL_GB,2026,3,1158778,2988,R,S,1,6,FALSE,FALSE,FALSE,FALSE,FALSE,FALSE,FALSE,FALSE,FALSE,0,FALSE,FALSE,FALSE,FALSE,FALSE,0,0,FALSE,2026-09-28T05:02:01.788849Z
7051,2026_03_ATL_GB,2026,3,1158779,3017,L,S,1,6,FALSE,FALSE,FALSE,FALSE,FALSE,FALSE,FALSE,FALSE,FALSE,1,TRUE,TRUE,FALSE,FALSE,FALSE,0,4,FALSE,2026-09-28T05:02:01.788849Z
7051,2026_03_ATL_GB,2026,3,1158780,3042,L,U,1,6,FALSE,TRUE,TRUE,FALSE,FALSE,FALSE,FALSE,FALSE,FALSE,CHK,TRUE,FALSE,FALSE,FALSE,FALSE,0,4,FALSE,2026-09-28T05:02:01.788849Z
7051,2026_03_ATL_GB,2026,3,1158781,3072,R,S,0,5,FALSE,FALSE,FALSE,FALSE,FALSE,FALSE,FALSE,FALSE,FALSE,1,FALSE,FALSE,FALSE,FALSE,FALSE,0,4,FALSE,2026-09-28T05:02:01.788849Z
7051,2026_03_ATL_GB,2026,3,1158782,3095,R,S,1,6,FALSE,TRUE,FALSE,FALSE,FALSE,FALSE,TRUE,FALSE,FALSE,SD,FALSE,FALSE,FALSE,FALSE,FALSE,0,4,TRUE,2026-09-28T05:02:01.788849Z
7051,2026_03_ATL_GB,2026,3,1158783,3115,R,S,1,7,FALSE,FALSE,FALSE,FALSE,FALSE,FALSE,FALSE,FALSE,FALSE,1,FALSE,FALSE,FALSE,FALSE,FALSE,0,4,FALSE,2026-09-28T05:02:01.788849Z
7051,2026_03_ATL_GB,2026,3,1158784,3138,0,0,0,0,FALSE,FALSE,FALSE,FALSE,FALSE,FALSE,FALSE,FALSE,FALSE,0,FALSE,FALSE,FALSE,FALSE,FALSE,0,0,FALSE,2026-09-28T05:02:01.788849Z
7051,2026_03_ATL_GB,2026,3,1158785,3166,0,0,0,0,FALSE,FALSE,FALSE,FALSE,FALSE,FALSE,FALSE,FALSE,FALSE,0,FALSE,FALSE,FALSE,FALSE,FALSE,0,0,FALSE,2026-09-28T05:02:01.788849Z
7051,2026_03_ATL_GB,2026,3,1158786,3186,L,U,1,7,FALSE,TRUE,FALSE,FALSE,FALSE,FALSE,FALSE,FALSE,FALSE,0,FALSE,FALSE,FALSE,FALSE,FALSE,0,0,FALSE,2026-09-28T05:02:01.788849Z
7051,2026_03_ATL_GB,2026,3,1158787,3226,L,U,1,7,FALSE,FALSE,FALSE,FALSE,FALSE,FALSE,FALSE,FALSE,FALSE,0,FALSE,FALSE,FALSE,FALSE,FALSE,0,0,FALSE,2026-09-28T05:02:01.788849Z
7051,2026_03_ATL_GB,2026,3,1158788,3268,L,U,1,6,FALSE,TRUE,FALSE,FALSE,FALSE,FALSE,FALSE,FALSE,FALSE,0,FALSE,FALSE,FALSE,FALSE,FALSE,0,0,FALSE,2026-09-28T05:02:01.788849Z
7051,2026_03_ATL_GB,2026,3,1158789,3290,L,S,1,7,FALSE,TRUE,FALSE,FALSE,FALSE,FALSE,FALSE,FALSE,FALSE,1,TRUE,FALSE,FALSE,FALSE,FALSE,0,4,FALSE,2026-09-28T05:02:01.788849Z
7051,2026_03_ATL_GB,2026,3,1158790,3320,L,U,1,6,FALSE,FALSE,FALSE,FALSE,FALSE,FALSE,FALSE,FALSE,FALSE,0,FALSE,FALSE,FALSE,FALSE,FALSE,0,0,FALSE,2026-09-28T05:02:01.788849Z
7051,2026_03_ATL_GB,2026,3,1158791,3342,R,S,1,7,FALSE,TRUE,FALSE,FALSE,FALSE,FALSE,TRUE,FALSE,FALSE,CHK,TRUE,FALSE,FALSE,FALSE,FALSE,0,4,FALSE,2026-09-28T05:02:01.788849Z
7051,2026_03_ATL_GB,2026,3,1158792,3383,R,P,2,6,FALSE,TRUE,FALSE,FALSE,FALSE,FALSE,FALSE,FALSE,FALSE,0,FALSE,FALSE,FALSE,FALSE,FALSE,0,0,FALSE,2026-09-28T05:02:01.788849Z
7051,2026_03_ATL_GB,2026,3,1158793,3405,L,S,2,6,FALSE,TRUE,FALSE,FALSE,FALSE,FALSE,FALSE,FALSE,FALSE,1,TRUE,TRUE,FALSE,FALSE,FALSE,1,5,FALSE,2026-09-28T05:02:01.788849Z
7051,2026_03_ATL_GB,2026,3,1158794,3430,0,0,0,0,FALSE,FALSE,FALSE,FALSE,FALSE,FALSE,FALSE,FALSE,FALSE,0,FALSE,FALSE,FALSE,FALSE,FALSE,0,0,FALSE,2026-09-28T05:02:01.788849Z
7051,2026_03_ATL_GB,2026,3,1158795,3455,0,0,0,0,FALSE,FALSE,FALSE,FALSE,FALSE,FALSE,FALSE,FALSE,FALSE,0,FALSE,FALSE,FALSE,FALSE,FALSE,0,0,FALSE,2026-09-28T05:02:01.788849Z
7051,2026_03_ATL_GB,2026,3,1158796,3485,R,S,1,6,FALSE,FALSE,FALSE,TRUE,FALSE,FALSE,FALSE,FALSE,FALSE,DES,TRUE,FALSE,FALSE,TRUE,FALSE,0,4,FALSE,2026-09-28T05:02:01.788849Z
7051,2026_03_ATL_GB,2026,3,1158797,3508,R,S,1,6,FALSE,FALSE,FALSE,FALSE,FALSE,FALSE,FALSE,FALSE,FALSE,1,TRUE,FALSE,FALSE,TRUE,FALSE,0,4,FALSE,2026-09-28T05:02:01.788849Z
7051,2026_03_ATL_GB,2026,3,1158798,3531,R,S,1,8,FALSE,FALSE,FALSE,FALSE,FALSE,FALSE,FALSE,FALSE,FALSE,1,TRUE,FALSE,FALSE,FALSE,FALSE,0,4,FALSE,2026-09-28T05:02:01.788849Z
7051,2026_03_ATL_GB,2026,3,1158799,3556,L,S,1,5,TRUE,FALSE,FALSE,FALSE,FALSE,FALSE,FALSE,FALSE,FALSE,1,TRUE,FALSE,FALSE,TRUE,FALSE,0,4,FALSE,2026-09-28T05:02:01.788849Z
7051,2026_03_ATL_GB,2026,3,1158800,3579,L,S,1,6,FALSE,FALSE,FALSE,FALSE,FALSE,FALSE,TRUE,FALSE,FALSE,CHK,FALSE,FALSE,FALSE,FALSE,FALSE,0,4,FALSE,2026-09-28T05:02:01.788849Z
7051,2026_03_ATL_GB,2026,3,1158801,3602,L,S,1,5,FALSE,TRUE,FALSE,FALSE,FALSE,FALSE,FALSE,FALSE,FALSE,1,TRUE,FALSE,FALSE,FALSE,FALSE,0,4,FALSE,2026-09-28T05:02:01.788849Z
7051,2026_03_ATL_GB,2026,3,1158802,3627,R,S,1,7,FALSE,FALSE,FALSE,FALSE,FALSE,FALSE,FALSE,FALSE,FALSE,1,TRUE,TRUE,FALSE,FALSE,FALSE,0,4,FALSE,2026-09-28T05:02:01.788849Z
7051,2026_03_ATL_GB,2026,3,1158803,3652,R,S,1,6,TRUE,FALSE,FALSE,FALSE,FALSE,FALSE,FALSE,FALSE,FALSE,1,TRUE,FALSE,FALSE,FALSE,FALSE,0,4,FALSE,2026-09-28T05:02:01.788849Z
7051,2026_03_ATL_GB,2026,3,1158804,3682,R,S,1,5,TRUE,FALSE,FALSE,FALSE,FALSE,FALSE,FALSE,FALSE,FALSE,1,TRUE,FALSE,FALSE,FALSE,FALSE,0,4,FALSE,2026-09-28T05:02:01.788849Z
7051,2026_03_ATL_GB,2026,3,1158805,3712,R,S,1,5,FALSE,FALSE,FALSE,FALSE,FALSE,FALSE,FALSE,FALSE,FALSE,1,TRUE,TRUE,FALSE,FALSE,FALSE,0,4,FALSE,2026-09-28T05:02:01.788849Z
7051,2026_03_ATL_GB,2026,3,1158806,3753,0,0,0,0,FALSE,FALSE,FALSE,FALSE,FALSE,FALSE,FALSE,FALSE,FALSE,0,FALSE,FALSE,FALSE,FALSE,FALSE,0,0,FALSE,2026-09-28T05:02:01.788849Z
7051,2026_03_ATL_GB,2026,3,1158807,3768,0,0,0,0,FALSE,FALSE,FALSE,FALSE,FALSE,FALSE,FALSE,FALSE,FALSE,0,FALSE,FALSE,FALSE,FALSE,FALSE,0,0,FALSE,2026-09-28T05:02:01.788849Z
7051,2026_03_ATL_GB,2026,3,1158808,3798,R,U,3,7,FALSE,TRUE,FALSE,FALSE,FALSE,FALSE,FALSE,FALSE,FALSE,0,FALSE,FALSE,FALSE,FALSE,FALSE,0,0,FALSE,2026-09-28T05:02:01.788849Z
7051,2026_03_ATL_GB,2026,3,1158809,3820,R,U,2,6,FALSE,TRUE,FALSE,FALSE,FALSE,FALSE,FALSE,FALSE,FALSE,0,FALSE,FALSE,FALSE,FALSE,FALSE,0,0,FALSE,2026-09-28T05:02:01.788849Z
7051,2026_03_ATL_GB,2026,3,1158810,3842,L,U,2,6,FALSE,TRUE,FALSE,FALSE,FALSE,FALSE,FALSE,FALSE,FALSE,0,FALSE,FALSE,FALSE,FALSE,FALSE,0,0,FALSE,2026-09-28T05:02:01.788849Z
7051,2026_03_ATL_GB,2026,3,1158811,3865,L,S,1,7,FALSE,TRUE,FALSE,FALSE,FALSE,FALSE,FALSE,FALSE,FALSE,0,FALSE,FALSE,FALSE,FALSE,FALSE,0,0,FALSE,2026-09-28T05:02:01.788849Z
7051,2026_03_ATL_GB,2026,3,1158812,3887,L,S,1,8,FALSE,TRUE,FALSE,FALSE,FALSE,FALSE,FALSE,FALSE,FALSE,1,TRUE,FALSE,FALSE,FALSE,FALSE,1,5,FALSE,2026-09-28T05:02:01.788849Z
7051,2026_03_ATL_GB,2026,3,1158813,3912,R,S,1,6,FALSE,TRUE,FALSE,FALSE,TRUE,FALSE,FALSE,FALSE,FALSE,0,FALSE,FALSE,FALSE,FALSE,FALSE,0,0,FALSE,2026-09-28T05:02:01.788849Z
7051,2026_03_ATL_GB,2026,3,1158814,3934,R,U,1,6,FALSE,TRUE,FALSE,FALSE,FALSE,FALSE,FALSE,FALSE,FALSE,0,FALSE,FALSE,FALSE,FALSE,FALSE,0,0,FALSE,2026-09-28T05:02:01.788849Z
7051,2026_03_ATL_GB,2026,3,1158815,3968,0,0,0,0,FALSE,FALSE,FALSE,FALSE,FALSE,FALSE,FALSE,FALSE,FALSE,0,FALSE,FALSE,FALSE,FALSE,FALSE,0,0,FALSE,2026-09-28T05:02:01.788849Z
7051,2026_03_ATL_GB,2026,3,1158816,3956,L,U,3,9,FALSE,TRUE,FALSE,FALSE,FALSE,FALSE,FALSE,FALSE,FALSE,0,FALSE,FALSE,FALSE,FALSE,FALSE,0,0,FALSE,2026-09-28T05:02:01.788849Z
7051,2026_03_ATL_GB,2026,3,1158817,3990,L,U,2,8,FALSE,TRUE,TRUE,FALSE,FALSE,FALSE,TRUE,FALSE,FALSE,1,TRUE,FALSE,FALSE,FALSE,FALSE,0,4,FALSE,2026-09-28T05:02:01.788849Z
7051,2026_03_ATL_GB,2026,3,1158818,4009,0,0,0,0,FALSE,FALSE,FALSE,FALSE,FALSE,FALSE,FALSE,FALSE,FALSE,0,FALSE,FALSE,FALSE,FALSE,FALSE,0,0,FALSE,2026-09-28T05:02:01.788849Z
7051,2026_03_ATL_GB,2026,3,1158819,4039,R,S,1,6,FALSE,FALSE,FALSE,FALSE,FALSE,FALSE,FALSE,FALSE,FALSE,1,TRUE,FALSE,FALSE,FALSE,FALSE,0,4,FALSE,2026-09-28T05:02:01.788849Z
7051,2026_03_ATL_GB,2026,3,1158820,4064,R,S,1,5,TRUE,FALSE,FALSE,FALSE,FALSE,FALSE,FALSE,FALSE,FALSE,1,TRUE,TRUE,FALSE,FALSE,FALSE,0,4,FALSE,2026-09-28T05:02:01.788849Z
7051,2026_03_ATL_GB,2026,3,1158821,4098,R,S,1,5,FALSE,FALSE,FALSE,FALSE,FALSE,FALSE,FALSE,FALSE,FALSE,1,TRUE,FALSE,FALSE,FALSE,FALSE,0,4,FALSE,2026-09-28T05:02:01.788849Z
7051,2026_03_ATL_GB,2026,3,1158822,4123,L,S,1,6,TRUE,FALSE,FALSE,FALSE,FALSE,FALSE,FALSE,FALSE,FALSE,1,TRUE,FALSE,FALSE,FALSE,FALSE,0,4,FALSE,2026-09-28T05:02:01.788849Z
7051,2026_03_ATL_GB,2026,3,1158823,4148,M,S,1,6,TRUE,FALSE,FALSE,FALSE,FALSE,FALSE,FALSE,FALSE,TRUE,0,FALSE,FALSE,FALSE,FALSE,FALSE,1,5,FALSE,2026-09-28T05:02:01.788849Z
7051,2026_03_ATL_GB,2026,3,1158824,4171,M,S,1,6,FALSE,FALSE,FALSE,FALSE,FALSE,FALSE,FALSE,FALSE,FALSE,1,TRUE,FALSE,FALSE,FALSE,FALSE,0,4,FALSE,2026-09-28T05:02:01.788849Z
7051,2026_03_ATL_GB,2026,3,1158825,4196,R,S,1,5,FALSE,FALSE,FALSE,FALSE,FALSE,FALSE,FALSE,FALSE,FALSE,1,FALSE,FALSE,FALSE,FALSE,FALSE,0,4,FALSE,2026-09-28T05:02:01.788849Z
7051,2026_03_ATL_GB,2026,3,1158826,4234,R,S,1,6,FALSE,FALSE,FALSE,FALSE,FALSE,FALSE,FALSE,FALSE,FALSE,1,TRUE,FALSE,FALSE,FALSE,FALSE,0,4,FALSE,2026-09-28T05:02:01.788849Z
7051,2026_03_ATL_GB,2026,3,1158827,4259,R,S,1,6,TRUE,FALSE,FALSE,FALSE,FALSE,FALSE,FALSE,TRUE,FALSE,1,FALSE,FALSE,FALSE,FALSE,FALSE,0,4,FALSE,2026-09-28T05:02:01.788849Z
7051,2026_03_ATL_GB,2026,3,1158828,4296,R,S,1,6,FALSE,FALSE,FALSE,FALSE,FALSE,FALSE,FALSE,FALSE,TRUE,CHK,FALSE,FALSE,FALSE,FALSE,FALSE,0,4,FALSE,2026-09-28T05:02:01.788849Z
7051,2026_03_ATL_GB,2026,3,1158829,4319,R,S,1,6,FALSE,FALSE,FALSE,FALSE,FALSE,FALSE,FALSE,FALSE,FALSE,1,TRUE,FALSE,FALSE,FALSE,FALSE,0,4,FALSE,2026-09-28T05:02:01.788849Z
7051,2026_03_ATL_GB,2026,3,1158830,4349,L,S,1,6,TRUE,FALSE,FALSE,FALSE,FALSE,FALSE,FALSE,FALSE,FALSE,1,FALSE,FALSE,FALSE,FALSE,FALSE,0,4,FALSE,2026-09-28T05:02:01.788849Z
7051,2026_03_ATL_GB,2026,3,1158831,4372,L,S,1,6,FALSE,FALSE,FALSE,FALSE,FALSE,FALSE,FALSE,TRUE,FALSE,1,FALSE,FALSE,FALSE,FALSE,FALSE,0,4,FALSE,2026-09-28T05:02:01.788849Z
7051,2026_03_ATL_GB,2026,3,1158832,4399,0,0,0,0,FALSE,FALSE,FALSE,FALSE,FALSE,FALSE,FALSE,FALSE,FALSE,0,FALSE,FALSE,FALSE,FALSE,FALSE,0,0,FALSE,2026-09-28T05:02:01.788849Z
7051,2026_03_ATL_GB,2026,3,1158833,4421,0,0,0,0,FALSE,FALSE,FALSE,FALSE,FALSE,FALSE,FALSE,FALSE,FALSE,0,FALSE,FALSE,FALSE,FALSE,FALSE,0,0,FALSE,2026-09-28T05:02:01.788849Z
