game_id,season,game_type,week,gameday,weekday,gametime,away_team,away_score,home_team,home_score,location,result,total,overtime,old_game_id,gsis,nfl_detail_id,pfr,pff,espn,ftn,away_rest,home_rest,away_moneyline,home_moneyline,spread_line,away_spread_odds,home_spread_odds,total_line,under_odds,over_odds,div_game,roof,surface,temp,wind,away_qb_id,home_qb_id,away_qb_name,home_qb_name,away_coach,home_coach,referee,stadium_id,stadium
2026_01_ARI_LAC,2026,REG,1,2026-09-13,Sunday,16:25,ARI,26,LAC,14,Home,-12,40,0,2026091308,60188,,202609130sdg,30617,401872926,7029,7,7,350,-455,8.5,-102,-118,47.5,-118,-102,0,dome,matrixturf,,,00-0033119,00-0036355,Jacoby Brissett,Justin Herbert,Jonathan Gannon,Jim Harbaugh,Ron Torbert,LAX01,SoFi Stadium
2026_03_ATL_GB,2026,REG,3,2026-09-24,Thursday,20:15,ATL,35,GB,14,Home,-21,49,0,2026092400,60210,,202609240gnb,30638,401872948,7051,4,4,190,-230,4.5,-108,-112,43.5,-118,-102,0,outdoors,grass,61,5,00-0039917,00-0036264,Michael Penix Jr.,Jordan Love,Raheem Morris,Matt LaFleur,Shawn Smith,GNB00,Lambeau Field
2026_03_ARI_SF,2026,REG,3,2026-09-27,Sunday,16:05,ARI,30,SF,36,Home,6,66,0,2026092709,60220,,202609270sfo,30648,401872958,7061,7,7,310,-395,7.5,-110,-110,48.5,-108,-112,1,outdoors,grass,70,4,00-0033119,00-0037834,Jacoby Brissett,Brock Purdy,Jonathan Gannon,Kyle Shanahan,Brad Allen,SFO01,Levi's Stadium
2026_03_BAL_DAL,2026,REG,3,2026-09-27,Sunday,16:25,BAL,34,DAL,31,Neutral,-3,65,0,2026092711,60222,,202609270dal,30650,401872960,7063,7,7,-170,142,-3,-120,100,53.5,100,-120,0,open,grass,77,7,00-0034796,00-0033077,Lamar Jackson,Dak Prescott,Jesse Minter,Brian Schottenheimer,John Hussey,RIO00,Maracana Stadium
2026_01_NE_SEA,2026,REG,1,2026-09-09,Wednesday,20:20,NE,10,SEA,13,Home,3,23,0,2026090900,60178,,202609090sea,30606,401872656,7019,7,7,140,-166,3,-102,-118,44.5,-112,-108,0,outdoors,fieldturf,74,6,00-0039851,00-0034869,Drake Maye,Sam Darnold,Mike Vrabel,Mike Macdonald,Adrian Hill,SEA00,Lumen Field
2026_01_SF_LA,2026,REG,1,2026-09-10,Thursday,20:35,SF,27,LA,7,Neutral,-20,34,0,2026091100,60179,,202609100ram,30607,401872657,7020,7,7,180,-218,3.5,-105,-115,47.5,-105,-115,1,dome,grass,57,4,00-0037834,00-0026498,Brock Purdy,Matthew Stafford,Kyle Shanahan,Sean McVay,Alex Kemp,MEL00,Melbourne Cricket Ground
2026_01_CHI_CAR,2026,REG,1,2026-09-13,Sunday,13:00,CHI,59,CAR,37,Home,-22,96,0,2026091300,60180,,202609130car,30609,401872661,7021,7,7,-166,140,-3,-112,-108,47.5,-115,-105,0,outdoors,grass,89,2,00-0039918,00-0039150,Caleb Williams,Bryce Young,Ben Johnson,Dave Canales,Brad Allen,CAR00,Bank of America Stadium
2026_01_TB_CIN,2026,REG,1,2026-09-13,Sunday,13:00,TB,27,CIN,33,Home,6,60,0,2026091301,60181,,202609130cin,30610,401872925,7022,7,7,170,-205,3.5,-102,-118,50.5,-112,-108,0,outdoors,fieldturf,85,7,00-0034855,00-0036442,Baker Mayfield,Joe Burrow,Todd Bowles,Zac Taylor,John Hussey,CIN00,Paycor Stadium
2026_01_NO_DET,2026,REG,1,2026-09-13,Sunday,13:00,NO,30,DET,31,Home,1,61,1,2026091302,60182,,202609130det,30611,401872923,7023,7,7,260,-325,7,-110,-110,49.5,-105,-115,0,dome,fieldturf,,,00-0040743,00-0033106,Tyler Shough,Jared Goff,Kellen Moore,Dan Campbell,Alan Eck,DET00,Ford Field
2026_01_BUF_HOU,2026,REG,1,2026-09-13,Sunday,13:00,BUF,36,HOU,31,Home,-5,67,0,2026091303,60183,,202609130htx,30612,401872660,7024,7,7,-112,-108,-1.5,-105,-115,44.5,-110,-110,0,closed,astroturf,,,00-0034857,00-0039163,Josh Allen,C.J. Stroud,Sean McDermott,DeMeco Ryans,Alex Moore,HOU00,Reliant Stadium
